标题,播放量,UP主,分区,链接
比电影更夸张？专业保镖到底在做什么？,2073710,影视飓风,数码,https://www.bilibili.com/video/BV1J7hE6aEDQ
《柯洁围棋入门课》,1723690,柯洁,影视剪辑,https://www.bilibili.com/video/BV1YDhJ6ZEL6
好久不见啊，佐助,1084794,牙牙的包裹,同人·手书,https://www.bilibili.com/video/BV1B1hJ6wEwe
【独家】镇魂街第五季 王国纷争篇定档12月11日！,247545,哔哩哔哩国创,资讯,https://www.bilibili.com/video/BV1fae16mEe4
骁龙8 Elite Extreme Gen6前瞻上手：高通新旗舰手机来啦！,455327,极客湾Geekerwan,数码,https://www.bilibili.com/video/BV17uhW6VE2R
复仇者联盟,814903,脱缰凯Kk,小剧场,https://www.bilibili.com/video/BV1pYhJ63EA7
【剧情】大理石厅谋杀案（2026）01【莱丝利·曼维尔 / 蒂姆·迈克穆兰】,250890,迷影社,海外剧,https://www.bilibili.com/video/BV15yem67EM2
这是啥户型啊？,1008129,小熊猫租房,家居房产,https://www.bilibili.com/video/BV1rKhq6QEU6
琵琶曲‖ 决战重制版【re0】,414995,滩鸽儿,综合,https://www.bilibili.com/video/BV1rnea6mEgL
财神窦占龙 第8集 同舟【8月国创】,260793,哔哩哔哩国创,国产动画,https://www.bilibili.com/video/BV1HHeC62EBs
和同父异母的妹妹去旅游会发生什么？,864129,nya酱的一生,日常,https://www.bilibili.com/video/BV1T7hB6PEBm
医生坐诊2——pa大夫，你看我到底能不能红啊！,819178,papi酱,短片,https://www.bilibili.com/video/BV13Thi6AE3S
【硬核】俄乌打了四年多，到底谁在买单？,844863,小Lin说,财经商业,https://www.bilibili.com/video/BV1SUhe6xEM2
狼王传奇系列1-11集合集【AI全民制作人】,1397813,制霸美食街,汪星人,https://www.bilibili.com/video/BV1BreB6tEWT
王维英雄CG《相思》——相思无穷尽，山河皆故人,457504,王者荣耀,手机游戏,https://www.bilibili.com/video/BV1d2hk6fEk7
《原神》角色预告-「沃雅妮莎：此夜共沦」,1515748,原神,手机游戏,https://www.bilibili.com/video/BV1BqhB6nEdN
又准备单飞,601515,真子日记,搞笑,https://www.bilibili.com/video/BV1FihJ6uEQA
《穷亲戚》,1597818,伤心欲茄222,搞笑,https://www.bilibili.com/video/BV14yhr6GEbH
你敢信这里竟然是伊拉克？美女扎堆豪车遍地，夜生活让人大开眼界,487994,小钟Johnny,出行,https://www.bilibili.com/video/BV1FnhC6qEck
老板买了10只海胆没卖出去，下班给它做成海胆水饺偷吃了，韭菜摊鸡蛋，铁板鱿鱼,631844,张森的下班料理,美食记录,https://www.bilibili.com/video/BV15Xhk6dEsH
带着豆包去买瓜,148569,阿游Kidding,鬼畜剧场,https://www.bilibili.com/video/BV1w7hn63EBs
高中校霸统领黑帮，看“职高武神”用禁招扫黑除恶！爆爽漫改韩剧《学习小组》中,555981,小片片说大片,影视杂谈,https://www.bilibili.com/video/BV1K5hi6tECv
赛枪证vs赛车证！在国内哪一个更难考？,429493,老李船长,出行,https://www.bilibili.com/video/BV1Pmhj6PEWE
9000个名字刻在墙上，这座边境小城经历了什么？OPPO Find X10 ProMax,249150,查叔Charles,软件应用,https://www.bilibili.com/video/BV12Qhe6WERb
完啦完啦！用户彻底怒了！,579275,冬冰,MAD·AMV,https://www.bilibili.com/video/BV1fthi6mEEz
廉颇推塔竟然这么快，这还玩啥六耳啊,1084676,磊哥游戏,单机游戏,https://www.bilibili.com/video/BV1cahB69END
【神人回战02】悟，你的术式好碍事啊！,445346,文静若叶睦,综合,https://www.bilibili.com/video/BV16nhC6iEwS
网络动物志第15期：彪哥,930326,人物记录馆-,搞笑,https://www.bilibili.com/video/BV1cEha6uEHe
驯化咖啡：一种植物武器，为什么被人类喝了六百年,1444500,大圆镜科普,科学科普,https://www.bilibili.com/video/BV1nshi6DEh4
当美院人玩涂鸦躲猫猫真人版,321331,想想工作室,绘画,https://www.bilibili.com/video/BV1QGhJ69EAo
科目四有这选项吗？,589660,铁柱配音,搞笑,https://www.bilibili.com/video/BV1Pwhq6xE9e
我看到你老婆了……,575535,ENX叉叉酱,同人·手书,https://www.bilibili.com/video/BV1VPh76pEoq
实锤三角洲有伤害数值问题，剩0.1是浮点数误差,362633,诚实的秀儿,网络游戏,https://www.bilibili.com/video/BV1Wmhz6aE5C
花60W买燃油性能车还有价值吗？奥迪S5 Avant山路测试！,264461,Upspeed盛嘉成,赛车,https://www.bilibili.com/video/BV16ihJ6MEHA
【4K】已完结 全网首发《寂静岭：Townfall》全流程惊悚实况,675520,友利奈绪大魔王丶,单机游戏,https://www.bilibili.com/video/BV14ph66BESj
当大大小姐偷偷隐藏在小小职场,1009865,派小轩,小剧场,https://www.bilibili.com/video/BV1snhi6WEGW
能绷住的是植物人！,1104092,撸sir兰陵君,手机游戏,https://www.bilibili.com/video/BV1e2ei6jEyZ
【终末地基建活动】重息壤龙泡泡一键完成，高速生产毕业活动！,116208,MR流星飞,单机游戏,https://www.bilibili.com/video/BV1tuhp6WEaX
大 周 礼 时 代(34),302956,诸葛皮皮9527,小剧场,https://www.bilibili.com/video/BV1inhq6GENK
懂王特批揭秘：润人的好日子还在后头！,304441,波士顿圆脸,社科·法律·心理,https://www.bilibili.com/video/BV1uphH6dEJQ
【崩铁】真珠综合测评：欢愉队生存位！Go Work！！武器对比+技能解读+遗器选择+星魂提升！,492486,卡特亚,手机游戏,https://www.bilibili.com/video/BV12xhk65E58
Uzi：开局这么强，后期我都不敢想,484031,伊莫,电子竞技,https://www.bilibili.com/video/BV1X5hJ6pEja
挑战给外国人安利《调休》,386882,你哇哥233,搞笑,https://www.bilibili.com/video/BV1EqhB6nEjv
为什么夜晚的天空总是黑的？,545652,科学探秘社,科学科普,https://www.bilibili.com/video/BV17Wez6fEAb
神了！理记爆贾国龙发言：罗永浩跪下才和解？！,308426,唯一讲述者,社科·法律·心理,https://www.bilibili.com/video/BV1Q7hJ6nEAb
我是怎么说服大爷拍视频的,613884,农民入门指南_Official,日常,https://www.bilibili.com/video/BV1x8hk6rE5e
《崩坏：星穹铁道》走近星穹——「真珠：深度学习中」,717046,崩坏星穹铁道,手机游戏,https://www.bilibili.com/video/BV1SZhk6HEXw
全明星发癫，笑到停不下来，极致抽象的恶搞喜剧——《越光宝盒》,1650287,灯影刘肉丝,影视杂谈,https://www.bilibili.com/video/BV13sey6eEu3
琵琶曲2/1（真人无AI手搓）,1282604,癫癫零点五,影视整活,https://www.bilibili.com/video/BV1uzez6UEoP
员工餐自助打饭，超美味四点金，牛肋排，红烧肉！,1445296,干饭三健客,美食记录,https://www.bilibili.com/video/BV1n1hv6jEJG
我的86，复活了？,323027,极速拍档-NANA,赛车,https://www.bilibili.com/video/BV14ghe6pE9c
三年之期已到，恭迎世一上归位！【第10集】,1699336,九夜听风,影视剪辑,https://www.bilibili.com/video/BV13KhB6rE7N
“他出场短短几十秒，却一张口就是满分作文！！！”,302589,wrizedm,影视剪辑,https://www.bilibili.com/video/BV1HVez6iEZk
噢Ω就这啊α - 向上｜上海全球冠军赛 特别节目,448166,无畏契约电竞,电子竞技,https://www.bilibili.com/video/BV1RXhk6REwc
从失明截肢到心梗脑梗，糖尿病是如何一步步瓦解身体的？,369051,神奇菌汤锅,科学科普,https://www.bilibili.com/video/BV1X2hB6VE1J
《对抗路牢玩家的一天》,682706,尴尬的铁根er,网络游戏,https://www.bilibili.com/video/BV1g5e467E62
粤韵风华之驾校宝典14【高速堵车】,680032,希诺_Sinon,搞笑,https://www.bilibili.com/video/BV1Cghr6vEom
仅5.87MB？全新重构Bongocat，推荐所有人使用！,1520224,宇痕冫,软件应用,https://www.bilibili.com/video/BV1E2eb6PE5Q
三条人类,2673663,青浦模子,绘画,https://www.bilibili.com/video/BV1Pnhi6WErP
出发去旅拍，直出电影感｜vivo X500系列,1086084,央视新闻,日常,https://www.bilibili.com/video/BV178he6zE4k
《乌贼食宴》 问题壹,830016,山葵不杀,搞笑,https://www.bilibili.com/video/BV1qheC66E5P
首部！DLSS 5《底特律:变人》游戏电影,113942,凯文不是大叔,单机游戏,https://www.bilibili.com/video/BV14Hh66uE1p
骑行318最爽的一天，下下下下然后上！,257742,王师傅の日记,日常,https://www.bilibili.com/video/BV1HVhE6NEdS
低山臭水遇知音！,860099,永琪吗,搞笑,https://www.bilibili.com/video/BV1R6hi6zEhF
时隔两年再回山东大集，我们包下了爷爷奶奶们的摊位，把价值四千多元的菜全部送到了敬老院。希望这些无儿无女的五保老人，也能过一个温暖的中秋节！,189925,superB太,田园美食,https://www.bilibili.com/video/BV1rah76AEif
救援队装备经费从哪来？实测大疆户外电源。,281149,救援队长郭台伟,科学科普,https://www.bilibili.com/video/BV1QmhB6kE4D
琵琶曲 | 全站最逆天版本,899446,碧天蓝钻,鬼畜调教,https://www.bilibili.com/video/BV1voey6rEyF
暗河尽头的洞穴迷窟中出现了人民碎片,562658,鸽子户外探险,出行,https://www.bilibili.com/video/BV1U1he6tEdw
【万字合集】午夜梦回，恶灵古堡！爆发夜之前重温《生化危机》系列！丧尸题材千千万，它才是我心中的红月光~,814092,迷影区间,影视杂谈,https://www.bilibili.com/video/BV1LUhh6fE9x
深夜注意监控画面！早已有人潜入到你住处！真实事件改编！,242847,与山0v0,单机游戏,https://www.bilibili.com/video/BV1J6hJ6iEvN
谁是最美Coser？！举办一个逆天Cos姿势大赛！！,825148,视角姬,汽车生活,https://www.bilibili.com/video/BV19khi6uEqD
你好可以去你家给你做饭吗？第六十九顿饭-第六十一家-可偏偏，我们遇见了,150622,陈善福儿,搞笑,https://www.bilibili.com/video/BV1eHev6yEQ4
粪水横流、食物发霉，林肯号这八个月到底遭了多大罪？,280191,世界见闻录,人文历史,https://www.bilibili.com/video/BV1hQh76JECT
神兽厨房：给梅山来的7位客人做饭,1650637,神兽厨房,美食制作,https://www.bilibili.com/video/BV1oxet6ZEPS
“真正的医者仁心的最高境界…”,1047792,行者燃剪,日常,https://www.bilibili.com/video/BV122et65Eqz
基米售货机之供货大挑战,409622,股神巴雷特,喵星人,https://www.bilibili.com/video/BV1ZehB6HEHT
他罗斯有步坦协同，但我金朝有超位魔法！【帝国时代4】,991118,DarkCarrot,单机游戏,https://www.bilibili.com/video/BV17Qhv6VEaE
懒人低成本 快速提高幸福指数的几个冷门思路,157233,茄猫的罐头,美食制作,https://www.bilibili.com/video/BV1q1hJ6wEf3
「白鸽归乡」哥伦比娅花样滑冰短片【HoYoFair x bilibilionly】,845567,Stormz67,MMD·3D,https://www.bilibili.com/video/BV1aSei65EFe
「小白」第六代骁龙8超级至尊版能效体验：新架构 新封装！,105627,小白测评,数码,https://www.bilibili.com/video/BV1grhn69EaE
好一个虚伪强势，又装又假的妈！表面对女儿忏悔求和，实际强势窒息翻脸不认人《我家那闺女2026》张家齐妈妈又“进步”啦,448463,是VT喂,娱乐杂谈,https://www.bilibili.com/video/BV1VKhB6rEJU
这一刻，友谊体现的淋漓尽致,349340,马哥巨离谱,搞笑,https://www.bilibili.com/video/BV1LNhk6ZEUD
仅剩一人居住！全世界最孤独的小镇：即将消亡的美国农村,117227,十七岁歌手想打中单,出行,https://www.bilibili.com/video/BV1oHhE6fETa
高质量睡眠,856956,脱缰凯Kk,小剧场,https://www.bilibili.com/video/BV183hB6MEBA
又放假了,954775,脱缰凯Kk,日常,https://www.bilibili.com/video/BV1g3hB6MEMP
【人民的名义62】看到照片之后，高老师和吴老师作何反应？,292940,貔柴,影视杂谈,https://www.bilibili.com/video/BV1DVh76LEZt
【白给杯】如果野牛玩家松开W键就会自爆？,1132023,小明的白给之路,电子竞技,https://www.bilibili.com/video/BV1YNe16KEWS
《曾经的梦想》,3911145,IPx的粉红豹,搞笑,https://www.bilibili.com/video/BV15Qhh6oEWC
当蜂医回大坝,183861,狂野的蜂,搞笑,https://www.bilibili.com/video/BV1mWhJ6jES9
师徒PK最后一舞，谁输了谁改名！我将拿出我最伟大的作品。,3223345,良田田田,时尚潮流,https://www.bilibili.com/video/BV1X9eb6tEvy
既分高下，也决生死,571280,是橘长呀,网络游戏,https://www.bilibili.com/video/BV1Mxeh6xEbM
胖龙大排档进入赔钱状态，我们忍了一个夏天，今天要一吐为快,1099237,胖龙的小生活,美食记录,https://www.bilibili.com/video/BV1NEhi6REPp
漫改真人剧见多了，反过来把特摄改为动漫又会怎么样呢？,657023,The梁某人,动漫杂谈,https://www.bilibili.com/video/BV1z3hq6EECP
让村民们自己发展6个小时，回来后我竟然被架空了,1335864,磊哥游戏,单机游戏,https://www.bilibili.com/video/BV1CRez6BEe9
真实还原有多难？OPPO Find X10 Pro Max 体验,67537,胜利文绉绉,数码,https://www.bilibili.com/video/BV1M6hE62ES9
特厨探店｜最擅长做鲍鱼的餐厅？！阿一鲍鱼！,978509,特厨隋坡,美食侦探,https://www.bilibili.com/video/BV1Uthv6fEKw
那个满眼满心都是我的小猫，去世了！,2660051,泰哥是只小暖猫,喵星人,https://www.bilibili.com/video/BV15bez6xEEB
浩克山东,184617,AAA刑侦特勤处简杜,设计·创意,https://www.bilibili.com/video/BV1bJhk6EEyM
无能的曼巴,411505,神马的忧伤,鬼畜剧场,https://www.bilibili.com/video/BV1Freb6qEQe
你们还想看我和谁去荒野求生,249338,李炮炮儿,搞笑,https://www.bilibili.com/video/BV1srhj6MEov
整治打印店,685419,脱缰凯Kk,小剧场,https://www.bilibili.com/video/BV1uGhB6qEes
“老子今天查着就给她死！”云南罗平县医院工作人员威胁实习生 只因对方咨询假期安排,1163556,闪电新闻,社会,https://www.bilibili.com/video/BV1cthi6UEVW
在广西柳州一老小区吃爆辣红油螺狮粉，居然一点也不臭你敢信？真的不辣！一点也不辣#柳州螺蛳粉#不辣#螺狮粉,238723,达哥在上海,美食记录,https://www.bilibili.com/video/BV16zhJ6KEXp
万年老二泽野弘之，年年初神曲，年年被暴打！！！,584096,阿萝桃,影视剪辑,https://www.bilibili.com/video/BV14fe16FES1
小米澎程顶起来六台车，这很难吗？,164435,老奇好好奇,科学科普,https://www.bilibili.com/video/BV1ZHhE6fE5H
【散人】千万级恋综狼人杀 神女主杀翻全场,222039,逍遥散人,单机游戏,https://www.bilibili.com/video/BV1WYhk6zELu
谣言：一件没发生的事，怎样变得众所周知？,228234,大圆镜科普,科学科普,https://www.bilibili.com/video/BV1eUhJ6FESm
【星穹铁道】真珠0~6命详细评测：欢愉生存位。银狼/绯英 大售后，砂金也能玩！光锥/遗器/配队 建议。,272031,小琨爱小蛊,手机游戏,https://www.bilibili.com/video/BV14ihq6wE87
大肥鱼单曲 - Let Me Go 动画PV,134959,小猪P_,鬼畜调教,https://www.bilibili.com/video/BV1mThC6LEbA
改打控卫？能成功吗？老詹新赛季终极前瞻！,192252,业余球探刀先生,篮球,https://www.bilibili.com/video/BV1cZhE6NEpF
广海大军训放奶龙立牌，这谁能绷住,1599712,海燕ScAn,日常,https://www.bilibili.com/video/BV15aez6WEJd
听说你喜欢查手机,1388342,碰巧巧儿,搞笑,https://www.bilibili.com/video/BV19Tem6kEka
后续就是还有高手,6030874,未曾去过须弥山,日常,https://www.bilibili.com/video/BV14mez6VEG9
来一场蛋宰派对吧！,829802,林大也晚年食光,美食制作,https://www.bilibili.com/video/BV1kceH6DEzQ
哈哈哈哈哈水弹挑战,294169,牛小豪吖,搞笑,https://www.bilibili.com/video/BV1rghE6TEoC
西贝倒闭传闻再上热搜：我真理解不了为什么总整幺蛾子。,719718,唯一讲述者,社科·法律·心理,https://www.bilibili.com/video/BV192hB6VEY5
有用版新僵尸：调皮僵尸,551301,小易EXS,单机游戏,https://www.bilibili.com/video/BV1uThi6AEBz
简直是王者万象棋天才！国服第一百里守约思路碾压一切，超燃最强王者达成！,131652,鬼叔黍,手机游戏,https://www.bilibili.com/video/BV1XEhH6tEpk
陌生的女人，竟在我家偷偷住了二十年....,1976795,某幻君,职业职场,https://www.bilibili.com/video/BV157eY6zEec
内存不再缺货：国产内存大量出货｜显卡日报9月22日,563322,芝士华莱士,数码,https://www.bilibili.com/video/BV1gLh66VEtt
【情景喜剧】《是 魏王》EP01-3：父王新丧 实乃大喜之日【AI全民制作人】,58132,星无,综合,https://www.bilibili.com/video/BV1AZhp6DE75
《洛克王国：世界》「可可丰收节」即将开启，福利抢先看！,541871,洛克王国世界,网络游戏,https://www.bilibili.com/video/BV1iJhz6DE6y
【美依礼芽】新歌《Borboletta》官方MV,95616,美依礼芽MARiA,MV,https://www.bilibili.com/video/BV1Sphk6jEJY
“抄三遍，抄三遍够吗？”,1097427,中国火箭军,日常,https://www.bilibili.com/video/BV1nVeq6fEwM
大湾区晚会乐子大赏，假唱的翻车的神级的，这节目效果拉满了！,605445,降B_大调,娱乐杂谈,https://www.bilibili.com/video/BV1G1hi6TEsj
地球OL更新！提尔卡约虎猫闪亮登场！,117564,龙女之声,科学科普,https://www.bilibili.com/video/BV1Q5hJ6pEGP
叛逆高仿新疆孩和他的罗刹母亲把我赶了出来,442951,鹿斯白,搞笑,https://www.bilibili.com/video/BV1aDei6CEZs
青春没有售价，桂A直达南美天空之镜！,337058,TK张世臻自驾环球中,汽车生活,https://www.bilibili.com/video/BV1mJeB6kErY
半价稀少又何妨？日本超市七进七出，90元打野犹如探囊取物！,240378,大阪流浪社长,美食侦探,https://www.bilibili.com/video/BV1VNhB6GEoA
对话陈昊宇：你会找到和你对视的人 | 视频播客·世相访谈,624510,新世相,人文历史,https://www.bilibili.com/video/BV1SZeB62EqK
鱼换万物之咧哥炒鸡,238423,平常心钓鱼_,运动综合,https://www.bilibili.com/video/BV1hdh762Ewj
《原神》角色预告-「薇斯纳：春之晨舞」,1676257,原神,手机游戏,https://www.bilibili.com/video/BV16Leq64Ei3
“至此，已成神品！！！”,1669845,wrizedm,影视剪辑,https://www.bilibili.com/video/BV1o2eM6kEDT
本山大叔自称演着最累的小品，1996年央视春晚《三鞭子》的台前幕后故事【又见小品之王】,343478,刘老师说电影,影视杂谈,https://www.bilibili.com/video/BV1KEhB6YEkF
正视,1745383,安吉-AnJ,影视剪辑,https://www.bilibili.com/video/BV11kev6cEhk
菲比：斯 拉 夫 往 事,1439793,Lm海洋,音乐综合,https://www.bilibili.com/video/BV1hneQ6JEFL
【老鼠人行动】航天基地（绝密）???w→1028w,218617,老飞宇66,网络游戏,https://www.bilibili.com/video/BV1zkhJ6PEsP
【大鸣王潮1566】你是岁主还是共鸣者,511140,寞桀緣才,同人·手书,https://www.bilibili.com/video/BV1Xgh662E4o
我修改了Minecraft的船：,2703008,晓晨Momore,单机游戏,https://www.bilibili.com/video/BV1Hjez6eEPv
四旬老人惨遭内娱毒打？别人来披荆斩棘，小沈阳是来渡劫的吧！,569368,三代鹿人,影视杂谈,https://www.bilibili.com/video/BV1ywhq6sE4p
换手机最重要的是？,133465,摸鱼事务所,日常,https://www.bilibili.com/video/BV1wYhk6zEfw
【终末地】1.5集成援助·泡泡出击第二周重息壤龙泡泡 基建活动攻略 摆完挂机 简单好抄 息壤龙泡泡 重息壤龙泡泡,59032,萧然Q,手机游戏,https://www.bilibili.com/video/BV1rrhH6kExW
Mac mini M6性能测试：核心更多了，性能强多少？,710402,极客湾Geekerwan,数码,https://www.bilibili.com/video/BV1JQhz6fE1x
差价6000万倍！不同价位风洞有什么区别？,2492456,Upspeed盛嘉成,赛车,https://www.bilibili.com/video/BV15ieC6TEti
当你不小心进入了黑乌龟...,678158,小博博三角洲行动,网络游戏,https://www.bilibili.com/video/BV1qGhq6mERG
开直升机追杀汽车！体验现代战争空地打击！,829741,Upspeed盛嘉成,赛车,https://www.bilibili.com/video/BV1exeq6SEEY
消失的队友一,460252,暗夜骑士XZ,出行,https://www.bilibili.com/video/BV1Azeh62EcX
穿越冰岛无人区，我遇到了百年一遇的奇观……,843183,极速拍档,汽车生活,https://www.bilibili.com/video/BV13vez6HEYS
【逐影集趣】DP全关卡攻略 摆完挂机 简单好抄,1866687,萧然Q,手机游戏,https://www.bilibili.com/video/BV1wXeq6wEpo
【原神】沃雅妮莎 超详细养成攻略教学,71338,贪欲九头蛇_,手机游戏,https://www.bilibili.com/video/BV1C3hC6kEQY
狂拍100多部电影！最烂和最夯分别是？【出名或出丑】,271380,老弗兰克Frank,影视杂谈,https://www.bilibili.com/video/BV1dKeB6HEvJ
对 抗 路 迎 来 大 变24.0,695864,一只白色QvQ,手机游戏,https://www.bilibili.com/video/BV1W5er6CEve
每说一个“瓜”字，华强变美10%,947139,华强爱郝哥,鬼畜剧场,https://www.bilibili.com/video/BV1Lnev6LEim
《红楼梦》现代短剧版,1645099,要不你就忘了我吧,小剧场,https://www.bilibili.com/video/BV1nBeS6FEK7
"JOSHUA, 韦礼安 WeiBird - ‘Baby Come Home’ Live Clip",124729,SEVENTEEN,明星综合,https://www.bilibili.com/video/BV18Jhk6EELR
她是一个爱穿洛丽塔的小蛋糕，努力摇奶茶帮妈妈换手机,436552,旺卡_Wonka,日常,https://www.bilibili.com/video/BV1YWhq6gEX6
当你对着野生的威龙吹嘉豪的小曲,470350,漠渃漓洝,日常,https://www.bilibili.com/video/BV11mh866Ed3
《红楼梦》现代短剧版 第二集,267164,要不你就忘了我吧,小剧场,https://www.bilibili.com/video/BV1czhk6vEL9
跨越1000公里，带一位特别的粉丝闯入我的生活另一面？,826151,九三的耳朵不是特别好,日常,https://www.bilibili.com/video/BV1bne46VEn1
扶贫大兵发现做任务破产，拼尽全力成功拿下3X3,1061189,老六没有福利号,网络游戏,https://www.bilibili.com/video/BV15vhe6KEhY
《鸣潮》玄方剧情回顾 | 破境,232625,鸣潮,手机游戏,https://www.bilibili.com/video/BV1B1hJ6AEaE
【绝区零】爱丽丝不忍了,241053,Superappleman,MAD·AMV,https://www.bilibili.com/video/BV1DLhJ6XEiu
我的妈妈是魔女,767461,猫太多本多,同人·手书,https://www.bilibili.com/video/BV1ZFeB6xEs9
评分9.3！长大能有多苦涩？重温野比大雄的人生！咋和童年看着不一样？【瓶子君152】,2132404,瓶子君152,手机游戏,https://www.bilibili.com/video/BV1uhev6BEpe
悦·无垢之誓 | 战双联动限定角色实机展示,504435,逆战未来,网络游戏,https://www.bilibili.com/video/BV1kwhq6sE9S
朝鲜武器遍地开花，朝鲜繁荣军工背后沉重代价,358994,卢克文工作室,人文历史,https://www.bilibili.com/video/BV1Cyhq6dEEM
探秘世纪厨神遗作，亚洲第一法餐！到底有多牛？,560497,Meetfood觅食,美食侦探,https://www.bilibili.com/video/BV13ShB6GEYn
一对比才发现，国产男主从尊重女性变成寄生虫了！！琼瑶的爱女真的落到实处了啊！,79154,爱对比的香菜,日常,https://www.bilibili.com/video/BV1w7hC6zEXh
天津150+不限时日料自助，可以白天吃到黑夜？整体对得起价格,196041,橙飞一下,美食记录,https://www.bilibili.com/video/BV1hdhJ6sE77
愤怒离职,942173,王玉柱_真的我,社科·法律·心理,https://www.bilibili.com/video/BV13Eeb6pEqL
挂满了旗不是挂满旗，挂满旗不是挂满了旗，懂了吧~,1154144,央视军事,科工机械,https://www.bilibili.com/video/BV1akhe6hE7c
华强找茬 但是全惹不起,2094338,神威-狗剩,影视剪辑,https://www.bilibili.com/video/BV1Leeu66EYR
坐在购物车里狂奔！懒虫：荣耀购物车,2414420,鲤鱼Ace,单机游戏,https://www.bilibili.com/video/BV17Aeb6YEZE
《花骨朵》亚细亚旷世奇才/洛天依,1909317,亚细亚旷世奇才,音乐综合,https://www.bilibili.com/video/BV16veP6eEeC
检察官：美利坚的逆天学贷恩情二十年还不完,517179,波士顿圆脸,社科·法律·心理,https://www.bilibili.com/video/BV1YAhB6CEyu
越过山丘，才发现奥迪瓦罐有多香？,498967,声浪片场,汽车生活,https://www.bilibili.com/video/BV1jHeq6pEGZ
⚡️谁 能 绷 的 住 啊⚡️,137567,矮乐多Aliga,日常,https://www.bilibili.com/video/BV13GhJ6RE6S
阿祖，收手吧，外面全部都是警察！ | 漫谈成龙经典警匪电影《新警察故事》【03】,179504,Kimo桑,影视杂谈,https://www.bilibili.com/video/BV1XQh76JENd
78岁的“老专家” 专治底盘不服？莲花工程才是隐士高人？,160481,斤制主义,改装玩车,https://www.bilibili.com/video/BV1P8hk6rEoo
《反乌托邦Pt2》，但是反驳型人格,565536,零蛋填词昆西昆,MV,https://www.bilibili.com/video/BV1pzeh62E8E
人的一生要吃掉1.24吨食用油！它们到底是怎么生产出来的？,130860,杰克小兔,出行,https://www.bilibili.com/video/BV1nRhj6bEWP
My lord…,263127,困雀雀,仿妆cos,https://www.bilibili.com/video/BV1o2hJ6hEii
14分钟落后4000经济翻盘？深度复盘IG战胜JDG世界赛！,303963,喵仙人ovo,电子竞技,https://www.bilibili.com/video/BV1xNhE66EF8
【传奇耐熬王】荒野独居2026👊全球最高规格荒野比赛🔪世界各地绝活哥前来参赛...兔王鹿王鱼王大战！,1802227,-超级小能猫-,搞笑,https://www.bilibili.com/video/BV1fCeb6NEEy
新植物：超级机枪忧郁菇？！,266391,蓝飘飘fly,单机游戏,https://www.bilibili.com/video/BV1Ahh66AErB
这些都是原相机拍的？,77978,大宽大宽,数码,https://www.bilibili.com/video/BV1kehJ6zErv
(9月下旬电脑配置推荐)平均帮你省下400，这才是正常人要的配置单，花费30部iphone18，只为教你把预算都花都在DIY装机刀刃上,761180,船长总动员,数码,https://www.bilibili.com/video/BV1kyeG68EBk
校园bgm谁是你心中的白月光,2544447,东方日出哇,特摄,https://www.bilibili.com/video/BV1guei6kEBi
【C菌】寂静岭: 陨落小镇Townfall 全流程4K实况,111782,渗透之C君,单机游戏,https://www.bilibili.com/video/BV1wDhj6wEDG
从《风骚律师》解读美国文化【第一集】上,66526,天选OMG,三农,https://www.bilibili.com/video/BV1jfhj6dEFx
年薪2000万总裁爱上二本实习生？大后果比大结果先来！《早春晴朗》吐槽,1905279,蜡笔小坨恰恰恰,影视杂谈,https://www.bilibili.com/video/BV1BNeQ68EGJ
在一千万根稻草中找到一根针，不捞五百万，捞一千万,2660608,闲云豹,单机游戏,https://www.bilibili.com/video/BV1GSeS6QE9S
★ 根本就没有这种日记 ！★,223112,LabM_周灿,MAD·AMV,https://www.bilibili.com/video/BV1HihY61E6y
军训前请室友们吃饭，带大家认识一下我的室友们，全都是颜值担当,159003,亮子李,日常,https://www.bilibili.com/video/BV1C3hE6iEE1
【新·奈克斯特】极致真人特摄：超格斗！奥特N计划,188540,喜子の特摄频道,特摄,https://www.bilibili.com/video/BV1yahh66Eno
粤韵风华之驾校宝典 15【超念力！】,201621,希诺_Sinon,搞笑,https://www.bilibili.com/video/BV16Thv6VEYF
全网首张｜真实还原地球的世界地图（马克利投影）,56884,半调,科学科普,https://www.bilibili.com/video/BV1ochJ6wERK
真是小看你了啊砸罐子小游戏，竟然让我这么狼狈...,90286,w咸瑜,手机游戏,https://www.bilibili.com/video/BV1iPhJ6cEs3
乌鲁鲁领队GTI-K极致演绎 x《MAMA》,199196,Shufflab西洋菜菜菜,音乐综合,https://www.bilibili.com/video/BV1cxhB6ZEZH
一口气2小时看完《怪物：丽兹波顿的故事》百年悬案，彻底疯狂！疯批美人大开杀戒，百年未破的美国真实悬案！三万字细嗦《怪物》包含；剧情、细节、镜头语言、真实案件、隐,475189,不善言辞的秃秃,影视杂谈,https://www.bilibili.com/video/BV1TLhB6vEBH
上海沪特曼：下作星人入侵！,152131,册那队长,小剧场,https://www.bilibili.com/video/BV11nh766E4S
烟盒战队-复抽者！,4370142,限时理想-背带侠,小剧场,https://www.bilibili.com/video/BV131eC6cEm3
保健品行业“烂”透了?,706676,耿同学讲故事,科学科普,https://www.bilibili.com/video/BV1LMeb6FEqp
我要做奶高,657487,伍鸣石,搞笑,https://www.bilibili.com/video/BV1Jdeq6FERN
当那一天真的来临，我们不会孤军奋战 | 元素战争：破晓 【原神HoYoFair x bilibilionly】,1474090,No_Tables,手机游戏,https://www.bilibili.com/video/BV1woez6TECm
闪身步可不是搞笑！汉人穿汉服跳汉族舞有问题吗？,49998,李诗荟,国风舞蹈,https://www.bilibili.com/video/BV1jshn6vEyt
琵琶曲（军训版）,939105,YYDK521,鬼畜剧场,https://www.bilibili.com/video/BV1Qzhe6aE27
一觉醒来成东风小康了,366936,陈幸运的红旗,汽车生活,https://www.bilibili.com/video/BV1Jjez6eEfk
千校千问，和每一个你共赴新的课堂,1212958,千问APP,日常,https://www.bilibili.com/video/BV1Leeu66EX4
食材成本3000！这种吃法只能自己做，放在餐厅单卖低于1000元都赔本！,138113,大祥哥来了,美食测评,https://www.bilibili.com/video/BV1eXhJ64E4k
你翻译翻译什么叫六亿像素？｜OPPO Find X10 Pro Max,65858,林捂捂,数码,https://www.bilibili.com/video/BV1C8hJ6GEa3
终于恶搞美国第一总统林肯了，但感觉欧多伊尔的小傲娇故事更好看（总统柯蒂斯·第一季第七集剧情）,82387,安迪视频,动漫杂谈,https://www.bilibili.com/video/BV1EAhH6zEJG
爆改瓦罐！奥迪S5 Avant！车友的评价是？,199898,伟嘉gaara616,汽车生活,https://www.bilibili.com/video/BV1zkhJ6PE7J
那年这个女孩选择了最催泪的打法,1297819,壹元影视,影视杂谈,https://www.bilibili.com/video/BV1yWei6wEQR
如何让手机“秒变空号”,765845,星星学院Master,财经商业,https://www.bilibili.com/video/BV1fbhe6uEtW
向死而生，爱不向虚无俯首。明日方舟×P3R《月行水上》剧情解析,70042,杨颜同学,手机游戏,https://www.bilibili.com/video/BV1SLhJ6QEkT
【杀死比赛】真人演唱殿堂级宏大交响重构版《琵琶曲》,1993393,巨蟒大鳞片,翻唱,https://www.bilibili.com/video/BV14Ue86DEjn
变  形  强  强 【B站笑点大赛】,2490560,新世纪咖啡战士v,鬼畜剧场,https://www.bilibili.com/video/BV1jaer6wEWm
采访了刘慈欣,1886628,食贫道,日常,https://www.bilibili.com/video/BV1bLei6BEGo
忘记参数，回归…直出？OPPO Find X10 Pro Max 体验,45197,橙红Iris,数码,https://www.bilibili.com/video/BV1shhJ6kEe2
《索拉里斯日常》第七集 | 为美好的今天送上祝福,177472,YT丶上班摸鱼,综合,https://www.bilibili.com/video/BV1f4he66EXj
年轻就是好看,482026,颜值回忆录,日常,https://www.bilibili.com/video/BV1uDe16vEhD
？？？？？？？？？,1144132,三金啊GC,搞笑,https://www.bilibili.com/video/BV14teb6jEGH
“乡土凝存温情，善念永续流年.”【Blue Dragon-Inst】【乡土の小曲】,2607052,早睡起大王,人力VOCALOID,https://www.bilibili.com/video/BV1ZCeb6NEyM
67样菜品的鸡肉拼盘，仅需180卢比,283637,印度老吃家,美食侦探,https://www.bilibili.com/video/BV1CbeB6iELd
电影谣言变商机：这些科幻设定，竟然全成了商家割韭菜的剧本！,645678,电影冷知识,影视杂谈,https://www.bilibili.com/video/BV1NLhi6oEEY
好热娅，一起去旅行吧！！,54226,辞九门Ya,MMD·3D,https://www.bilibili.com/video/BV18GhB6qEjL
“丹拿”耳机 Vs 丹拿音响？OPPO Enco X4 TWS耳机深度体验,82481,LIKEMUSIC,数码,https://www.bilibili.com/video/BV1ZehB6HEQr
收割世界20年后，英伟达的护城河没了【差评君】,337760,差评君,数码,https://www.bilibili.com/video/BV1irhB6mEuX
q冰摇变装拍摄过程…大热天太累人了！！！,747912,7鸽_,街舞,https://www.bilibili.com/video/BV1mBe26aE9T
还记得24年的冬天吗,193341,Juocen_L,翻唱,https://www.bilibili.com/video/BV1kah66aEdk
全网刷屏的 Jev 模型正式开放！保姆级教程 + 实战测评,102281,程序员鱼皮,计算机技术,https://www.bilibili.com/video/BV1wDhj6wEa8
抽象三国第二季：子龙很忙。超长全集一口气看完,700759,子龙很忙,影视剪辑,https://www.bilibili.com/video/BV176eS6ZECr
希望这次漫画可以走得更远！希望大家喜欢里面的角色！,353903,挪威老王,出行,https://www.bilibili.com/video/BV1vdhv66EoD
全网最听劝！根据400多万网友意见改编的中文版！田小娟SOLO2我要辞职了中文填词翻唱,519438,小黑吃CD,翻唱,https://www.bilibili.com/video/BV1gYev6TEBK
双拳打破家徒四壁！,235588,单走一张六,桌游棋牌,https://www.bilibili.com/video/BV1Kxh76MEc4
小时候幻想过的事,2697934,西维西师傅,搞笑,https://www.bilibili.com/video/BV1EceB6dEFS
【明日方舟】这片大地.....没有人类了,142239,灵辰0_0,手机游戏,https://www.bilibili.com/video/BV1exhz62EZ1
你在这段文字里加了什么?为什么我看了喘不上气？,317401,笔给你你来写_,日常,https://www.bilibili.com/video/BV1WHhi6XEBM
⚡ 这 个 可 不 兴 吃 啊 ？⚡,225755,学姐圆,MAD·AMV,https://www.bilibili.com/video/BV1P8hk6rEqs
坐上“东方列车”前往马丘比丘，打开课本上的印加文明,570121,何香蓓Betty,出行,https://www.bilibili.com/video/BV15Wev6VE1i
为了卖车，车企们有多疯狂？,238512,罐头辰Danny,社科·法律·心理,https://www.bilibili.com/video/BV1pihk6qEq8
你没打没骂，孩子怎么自卑了？因为你八卦！,117553,侃木头哦,日常,https://www.bilibili.com/video/BV1Hyhq6dEfb
我造了一栋可以移动的房子…,1131784,神奇阿宇Ayu,极客DIY,https://www.bilibili.com/video/BV1ydeX65Edn
死亡降临！《绿灯军团》第6集万字解析：三绿同框！谁才是幕后黑手？,51383,超英队长,影视杂谈,https://www.bilibili.com/video/BV158hn6wEZK
我只是个老年人（骗你的）,1152513,尴尬的铁根er,网络游戏,https://www.bilibili.com/video/BV12Kez63EGe
炸鱼,1889023,妖娆的胖虎阿权,搞笑,https://www.bilibili.com/video/BV1iYea6zEU9
去十年老资历女主播家，竟探寻到她20年前的秘密……【家访9】,248778,坂坂白,日常,https://www.bilibili.com/video/BV15dhv66Emr
“我怎么知道你没穿衣服呢？”女子洗澡后下单快递退货，仅三分钟快递员上楼径直“推门看光”，警方：不构成治安违法，邮政客服：会跟进。（编辑：嘉欣）,2893910,大象新闻,社会,https://www.bilibili.com/video/BV1Nkev6cEfH
日本人为了让你多点一碗一兰拉面有多拼,239347,在日本摸鱼的小超人,美食侦探,https://www.bilibili.com/video/BV1xnhB6wE6e
[只狼深扒]白蛇真的是双头蛇吗？答案可能超乎你的想象！,3004778,布鲁线,赛车,https://www.bilibili.com/video/BV1Zqew6sEJ2
《异环》黑羽角色PV丨「魔女」的工作,1687301,异环,网络游戏,https://www.bilibili.com/video/BV1iWej6hEe6
他俩该不会牵过手了吧？！,467659,ENX叉叉酱,同人·手书,https://www.bilibili.com/video/BV11ohi6ZEUW
其实王者里面打野是老皇帝，射手是新皇帝,359061,祁白哥哥,网络游戏,https://www.bilibili.com/video/BV1Gbeq6mEid
好好端平一碗水,62024,九品芝麻铲屎官,汪星人,https://www.bilibili.com/video/BV1UWhk61EsP
谁不想上《琵琶行》的时候急头白脸听语文老师弹个琵琶呢？,1641513,芝士面线糊,音乐综合,https://www.bilibili.com/video/BV17Lev6UEKS
港式鬼片天花板！一条阴阳路，半步人鬼间。香港经典恐怖电影《阴阳路》,77396,电影迷小雅,影视杂谈,https://www.bilibili.com/video/BV1QihE6JENb
“一切暴行，但求有功”,616741,乐马不要加班_Edit,影视剪辑,https://www.bilibili.com/video/BV1EmhY6ME33
小 时 候 害 怕 的 事,2841204,进击的金厂长,搞笑,https://www.bilibili.com/video/BV1CMeq6wEtE
【情景喜剧】《是 魏王》EP01-2：这魏王是站着要，还是跪着要【AI全民制作人】,572611,星无,综合,https://www.bilibili.com/video/BV1YGeb64EcQ
大快人心！时代峰峻全面停工！天下苦养成系久矣!,1256001,伤影zzz,娱乐杂谈,https://www.bilibili.com/video/BV14seb6EErC
网购的支教生活物资终于到了，今天在体育老师的帮助下把头给洗了！上个视频感谢大家的关心，也请大家放心，困难只是暂时的，在照顾好自己的同时，也会带着这份温暖继续加油,65477,媛媛老师77,日常,https://www.bilibili.com/video/BV1D7hJ6nE1a
单纯的约会（92）,1421632,-显眼宝-,小剧场,https://www.bilibili.com/video/BV1AueU6cE3d
带一副黑白棋子，去见挥棒奔跑的少年,190626,棋手战鹰,日常,https://www.bilibili.com/video/BV1qkeB6ZEmo
百鬼夜行【HoYoFair × bilibilionly】,254640,damabilbil,MAD·AMV,https://www.bilibili.com/video/BV1vUeB69EAW
当日常治疗变成夺命工具，白衣天使为何沦为白衣恶魔？ ｜ 日本关东点滴杀人事件三则,102012,X调查,人文历史,https://www.bilibili.com/video/BV1AWhi6HE6Y
ASMR 当熬穿的你去店里做眼愈（打工人至暗时刻）,398198,乌乌Woozzz,日常,https://www.bilibili.com/video/BV1BThv6VEQr
“闪着光坠落，又依依不舍”,46754,夏日幻听MCE,同人·手书,https://www.bilibili.com/video/BV136hn6sEwC
假如用韩国语第一次吃甲鱼belike…,92127,搞事明天吃什么,美食记录,https://www.bilibili.com/video/BV1LWhE6tE9g
带着华为Mate XT 2 非凡大师出门是种什么体验,477145,请不要叫我测评君,数码,https://www.bilibili.com/video/BV12Net6VERT
性骚扰到大结局还不够？《早春晴朗》竟然还要拍第二部！,267377,开心嘴炮,影视杂谈,https://www.bilibili.com/video/BV15zhi63EQs
愚人众执行官：弑神协议 —— 四执政 vs 愚人众 战斗动画【原神 HoYoFair 2026】【HoYoFair × bilibilionly】,331785,KieruArt,同人·手书,https://www.bilibili.com/video/BV18Bet6SErh
为什么不建议盲目买一级能效燃热？美的小西梅2.0燃热实测,41539,Wilson学长,家居房产,https://www.bilibili.com/video/BV1qqh76fEX6
跟着学，你在家也能做出色泽诱人，嫩而不柴的可乐鸡翅#美食 #热门,325578,刘小欠教做菜7,美食制作,https://www.bilibili.com/video/BV1EQhv6VExf
【我在现代当幽差】EP03 因果 【UP动画】【HiShorts!XupdreamAl短片大赛-剧情单元】,1722606,红豆稀饭中,小剧场,https://www.bilibili.com/video/BV1wue26pE7Y
小车车吃鸡赛~选择你喜欢的队伍~这个很难不选鸭子车吧？,84589,-超级小能猫-,搞笑,https://www.bilibili.com/video/BV1T6hE62Eqw
你们一直期待的 ASVAL——巨浪突击步枪来了！,490779,BogdanShooting,运动综合,https://www.bilibili.com/video/BV1SShi6YEyx
⚡️乱 弹 琵 琶 曲⚡️,1032924,自动鬼畜中的WZ,鬼畜调教,https://www.bilibili.com/video/BV1vPem6yEaQ
从暴雪嘉年华新作聊起：游戏公司为什么这么爱“画饼”？,538049,智能路障,单机游戏,https://www.bilibili.com/video/BV14weq6KEyz
“小傻龙的生活也并非是一帆风顺”,235126,小陈的脚凑凑的,日常,https://www.bilibili.com/video/BV1Doh665EaM
频繁出差的一周都发生了什么？,584957,摸鱼事务所,日常,https://www.bilibili.com/video/BV1Evem6WEoR
喝了20多年牛奶才知道，原来盒子上还有一个小机关，真的太厉害了,252715,妙招姐,日常,https://www.bilibili.com/video/BV1eWhq6gEWG
【互联网入门指南】Github入门,1152025,奇异思想,日常,https://www.bilibili.com/video/BV1Bvem6WERT
依旧瞎眼烂鼻子怪追人满街跑，直接吓的拉炕上了,486068,张爷丨张TaMa,单机游戏,https://www.bilibili.com/video/BV1yZeF6AEqc
《传教士》第11期：杰西顶替救世主，三人组散伙，希特勒越狱【墨菲】,67079,绝命墨菲,影视杂谈,https://www.bilibili.com/video/BV1AYhk6zEDe
身高1米5到1米9怎么选椅子？清闲全家桶上手体验,171757,箱庭计划,数码,https://www.bilibili.com/video/BV1EXhq6nENq
"一台汽车，凭什么敢说自己是 ""航空级安全""？",93252,所长Wy,汽车生活,https://www.bilibili.com/video/BV1qwhJ6aEAG
有这样的爸爸你就认了吧,420873,春游春游,日常,https://www.bilibili.com/video/BV1PEhi6REfA
你压我一头我好难受#温州阿东兄弟二手车,166049,温州阿东兄弟二手车,汽车生活,https://www.bilibili.com/video/BV1mQhe6WEHy
每一个都get到了笑的好崩溃，已经是痛苦的程度了,1475651,研究爱情公寓嘚咙咚锵,日常,https://www.bilibili.com/video/BV1Uaey6ZEBh
搬家快乐。,279018,美依礼芽MARiA,日常,https://www.bilibili.com/video/BV1uLhB6vEFQ
我的大脑变大枣,1044515,高斯Goh,综艺,https://www.bilibili.com/video/BV1rQe26XEwb
这牌咋样？,2357670,见绮莉,桌游棋牌,https://www.bilibili.com/video/BV1EKeh6uEVd
【边狱巴士|完整版】里恩中心 苦巧克力装饰,66659,麦田六神,同人·手书,https://www.bilibili.com/video/BV1oihi6GEwE
猜数字游戏（曹刘版）,2170706,混饭达人,娱乐杂谈,https://www.bilibili.com/video/BV1ZUYf6JEfo
ALLDAY PROJECT - ‘TALK’ M/V,376638,ALLDAYPROJECT,MV,https://www.bilibili.com/video/BV1NEhi6REeD
【数据删除】“我的家 在东北松花江上”——cn-918《永远漂泊的纸飞机》,117803,科幻视界,影视杂谈,https://www.bilibili.com/video/BV1RrhB62EdE
我找到了6000种折磨甲方的方法！,72965,折纸姬,单机游戏,https://www.bilibili.com/video/BV1qch76sERj
这是正经乔丹吗,1270304,智勇双全富贵君,小剧场,https://www.bilibili.com/video/BV1LKeb6hE9Z
1500块凤梨酥，燃尽的48小时,112651,苟宋贰,日常,https://www.bilibili.com/video/BV1YSh76DEDM
菲比啾比小短片：家,233101,OU章鱼,日常,https://www.bilibili.com/video/BV1P5eX6VE2b
【太君の噩梦】挖70公里地道，养6万只鸡！被困荒岛还手搓十二架战机搞偷袭！,1062300,世界大抬杠,人文历史,https://www.bilibili.com/video/BV1nvem6WEFm
《你爸带你忆苦思甜》,1691079,嘞是唐孃孃,搞笑,https://www.bilibili.com/video/BV1Lgeb6ZEEA
全员演技派！六小龄童重回荧幕！《云雀叫天录》,184894,low君热剧,影视杂谈,https://www.bilibili.com/video/BV1Zkhk6aEiE
花800块雇了个泰山陪爬！究竟会有哪些服务？！,1107045,Shortlegs闻韬,日常,https://www.bilibili.com/video/BV1EEeA64EPw
【全网首发】战锤3亡灵军团纳伽什攻略(第四集),22909,阿姆西_MC,单机游戏,https://www.bilibili.com/video/BV1PRhp6XELy
抽错必后悔！7.1-7.2卡池抽取推荐！新人权角色，沃雅妮莎 薇斯纳 达妮卡 米提亚 瓦列里 冰神女皇应该抽谁？7.1-7.5平民玩家全局抽卡规划！【原神】,62864,游戏大猪猪,手机游戏,https://www.bilibili.com/video/BV1sShE66EaM
【真解说球】快下课了，穆里尼奥惨遭西帅压着打！“打印机逆转”姆巴佩拿捏皇马，巴萨永远谢谢你！,181515,真实球迷汇,足球,https://www.bilibili.com/video/BV1y4h76iEj2
萌新原创末日故事连载《归墟》第十七集-地脉【AI全民制作人】,68090,泫九AI,国产原创相关,https://www.bilibili.com/video/BV1jNhJ68Efb
“唯一四次1v5，唯一goat”,96826,CSGO钳子z,电子竞技,https://www.bilibili.com/video/BV1JceM65Erm
“当全世界都知道你10天后成为超人（55）”,120640,小火猫meme日记,日常,https://www.bilibili.com/video/BV1g7hk6SEMC
孕期猫咪踩我孕肚，我让它付出终身代价…#猫咪带人类婴儿睡觉 #猫和孩子睡觉 #猫猫和宝宝睡觉,1895963,吉米猫wo,喵星人,https://www.bilibili.com/video/BV1Adet6uEaZ
「沉浸式第一人称」你20岁高中状元——从今天起，全天下都要叫你一声：状元郎！【AI全民制作人】,1287800,Sora_Vex,影视剪辑,https://www.bilibili.com/video/BV1CRez6BENV
【IG晋级世界赛单曲】《倔强》十积分也敢谈梦想,448919,联盟视频君,电子竞技,https://www.bilibili.com/video/BV1i3hv66EuQ
手撕坦克！暴打巴基斯坦！印度通过巨蜥基因研发出超级士兵血清！吓哭了,328750,文西与阿漆,影视杂谈,https://www.bilibili.com/video/BV1f8hi6jEhD
白人的快乐老家怎么靠中国找到了自己的路？【东非03丨肯尼亚】,1383069,小王Albert,财经商业,https://www.bilibili.com/video/BV1YDem6VEzC
什么叫我打电话让大哥给我钓鱼？,128068,猫小鼠Paofu_,网络游戏,https://www.bilibili.com/video/BV1K7hB6PEmW
如果换中国机器人来，能跑赢世界百米冠军吗？[思考],1296741,野兽先生MrBeast,日常,https://www.bilibili.com/video/BV1Tqev6eEsx
【阴阳师】为崽而战：无痛满奖励教学，无需斗技！无需阵容！浮世之航,60935,姝酱的小本本,手机游戏,https://www.bilibili.com/video/BV1ushH6sEik
日本亚运会办砸了 男女混住引群嘲,819500,树根龙门阵,社科·法律·心理,https://www.bilibili.com/video/BV1RueB6JEuZ
【周深｜现场】2026“湾区升明月”晚会《泪海》舞台,390324,周深工作室,音乐现场,https://www.bilibili.com/video/BV1L4ez6oE9u
【𝟒𝐊𝟔𝟎𝐅𝐏𝐒】绝望神回！毁灭一切！错误的选择！最绝望的时间线！转折点四！【无职转生第三季】,59906,与风述梦_,MAD·AMV,https://www.bilibili.com/video/BV1Zfhj6REs8
拼死救下必死女主角，看了我的日记之后，她们崩坏成为了病娇？！热门新作！！,325224,小二不呀,日常,https://www.bilibili.com/video/BV1WRe862EpH
“还想和你夺下更多的冠军，donk先生”,198907,Kr_0猫猫草,网络游戏,https://www.bilibili.com/video/BV1x5hi6tEVy
【STN快报第8.5季21】索尼把金刚狼做成了金刚,869815,STN工作室,预告·资讯,https://www.bilibili.com/video/BV1vmeB6WEEb
感谢大家参与！二周年彩蛋解密复盘和整理！坐等倒计时！9月24号再接再厉！,393622,Key725,网络游戏,https://www.bilibili.com/video/BV1WGez6TEiQ
八十四万买金佛，结果发现是铜的。山西太原公拍金佛被掉包,82524,老猫鱼不吃鱼,日常,https://www.bilibili.com/video/BV1Krhj6MEB1
S16战队巡礼—LPL篇：数据来看谁在被低估？谁又能决定队伍上限？,257223,-崔大猫-,电子竞技,https://www.bilibili.com/video/BV1gShB6GEkd
这公司正常？,51371,西红柿导演,影视剪辑,https://www.bilibili.com/video/BV1u5h761ELz
不要..让老灯..带..孙子...,226891,御手洗板蓝根,MMD·3D,https://www.bilibili.com/video/BV1YQeB6QERn
清理家庭式动物园，给到夯的理由：“拉完了”,1076430,马俐管家,家居房产,https://www.bilibili.com/video/BV1vqeC6iEXs
我越来越不理解我的父母了 2,76375,是老胡没错,搞笑,https://www.bilibili.com/video/BV1edhv66EXH
【原神】沃雅妮莎综合测评：沃真好看！武器对比+技能解读+圣遗物选择+命座提升！,777005,卡特亚,手机游戏,https://www.bilibili.com/video/BV13aeN6xEYu
万舰念名单视频来啦！,107457,凉哈皮,手机游戏,https://www.bilibili.com/video/BV1xUhC67EMk
歌剧老师锐评《披荆斩棘的哥哥2026》三公（上）,629587,铁豆钢蛋,乐评盘点,https://www.bilibili.com/video/BV1QChi6qEv8
画的有些累了,437903,李十二彩铅,绘画,https://www.bilibili.com/video/BV1nzhY6CEyd
复仇者联盟内心独白belike,2709989,瑄羽猫,影视剪辑,https://www.bilibili.com/video/BV14Hem6AEah
小乌（半）沉浸式仿妆，如果仿翻车了你们就当asmr看好吗！！,99803,乌乌Woozzz,日常,https://www.bilibili.com/video/BV1rbh76NEdF
双排私麦队友:开公麦干啥？信息不就在那你不知道吗？,221266,这里有垫狐星儿,网络游戏,https://www.bilibili.com/video/BV11Yhv6xEdw
【灵血修仙】第475集 仙洲大考03,76436,十缺废人,同人·手书,https://www.bilibili.com/video/BV1qWhE6tEBH
《潜伏》到底藏了多少东西？胜利背后的大败局！《潜伏》01,741294,一条闲木鱼,影视杂谈,https://www.bilibili.com/video/BV1x4eS6qETT
第一次做ai视频，花费2000块算力复刻了瑞莫封神单集《记忆寄生虫》，还原能力超乎我的想象...,761147,木板解说,影视剪辑,https://www.bilibili.com/video/BV1RSe46pEJU
琵琶曲 l 成都超人,6904846,浪浪山小蛋仔,鬼畜剧场,https://www.bilibili.com/video/BV14BeA6CEUb
人生就一定就要充满遗憾吗？,96030,须賀圭介,影视剪辑,https://www.bilibili.com/video/BV1rYh76aEUZ
炎拳天使目前只卖了一千份，感觉皮特儿他们工作室要无了,926616,挪威老王,出行,https://www.bilibili.com/video/BV1jJeq69Eob
它竟然比我想象中更“野”,54473,所长Wy,数码,https://www.bilibili.com/video/BV135hJ6WETi
“别打给我了! ” 猛男翻唱Gaga神曲《Telephone》🔥,384488,陈可尔Keer,翻唱,https://www.bilibili.com/video/BV1Qfe669ECc
在孟加拉找一位本地人带我玩一天都能玩到些啥,192265,符郎郎-,出行,https://www.bilibili.com/video/BV128e66yEEs
挑战24小时生活交给AI决定！？,230429,FoFTG,计算机技术,https://www.bilibili.com/video/BV1jAeB6sEKc
大型纪录片《86那首真不知道怎么输，结果对面是卢浮宫，这谁绷的住，人怎么可以倒霉成这样》,259283,米斗纪录片,短片,https://www.bilibili.com/video/BV1cshi6DEcv
莫名其妙被打了,2730429,祭理yoyo,手机游戏,https://www.bilibili.com/video/BV1xLeC6DEYB
“你刚刚...提到了萌王对吧”,288660,一一子漫剪,动漫杂谈,https://www.bilibili.com/video/BV1TBe26YEMo
让随机BGM操控我的一天！结果居然…,46317,宝剑嫂,日常,https://www.bilibili.com/video/BV1X5hH6cE11
舍友把宿舍改造成飞机,2685836,小叮当的伙伴们,搞笑,https://www.bilibili.com/video/BV1L1eS6sEqC
三角洲，但是植物大战僵尸！,1372235,超人盾,网络游戏,https://www.bilibili.com/video/BV15ueb6bELU
人类科技树可视化,36965,谦信侠,计算机技术,https://www.bilibili.com/video/BV1Y5hk6QEhG
[洛茜/提弗洛斯]塔卫二时尚月刊ORITHE副刊《Code》Vol.4,240136,吾好空中劈叉,手机游戏,https://www.bilibili.com/video/BV1xNeq6PEVL
上班主打一个同事,495975,在下乌鸦有何贵干,单机游戏,https://www.bilibili.com/video/BV1p8em6oEb4
这哪是手机？这是人机合一啊！努比亚NaviX Ultra × 骁龙深度体验,38041,Winnie龟龟仔,数码,https://www.bilibili.com/video/BV1i2hJ6hEoS
胶片机实拍【自制特摄】原创奥特曼「赫莱兹」完整正片｜《萨摩讷斯交响曲》奥特曼60周年纪念作品,58202,兰博不想剪片,特摄,https://www.bilibili.com/video/BV1Roeh6PEtM
vivo X500 Pro Max 评测我不拍了！,181054,热男HotGuys,数码,https://www.bilibili.com/video/BV15ihe6vEvU
《奥德赛》,587096,是许木木啊,日常,https://www.bilibili.com/video/BV18eev6iEFp
《 偶 遇 老 北 京 人 》,2463690,马克西姆MaximYuan,搞笑,https://www.bilibili.com/video/BV1Yfeg6GEf1
我决定，亲自生活！！,516982,塑料叉FOKU,日常,https://www.bilibili.com/video/BV1D2hi6vEMd
失业的观众-付航脱口秀,728197,付航脱口秀,搞笑,https://www.bilibili.com/video/BV1C4ei6FECT
中秋节连休3天，不调休！,1832929,cheems小电影,搞笑,https://www.bilibili.com/video/BV1Ayev6fEMG
这就是宗门最凶猛的圣兽？！！,244893,马刀有礼,同人·手书,https://www.bilibili.com/video/BV1Grhe6wEYe
琵琶曲（你们要的完整版来了）,80366,小星鬼ovo,日常,https://www.bilibili.com/video/BV1Cbh76NERC
【机制详解】真珠机制与养成全方位解析，倍率计算与交互带你了解真珠技能的一切！,137330,法拉拉Astral,手机游戏,https://www.bilibili.com/video/BV1wYhk6zEUh
大庆赶海，退潮后发现和手一样大的蛏子王，撒一点盐往上跑,1242530,大庆赶海,田园美食,https://www.bilibili.com/video/BV1NCev68Ead
【绯红回响EP19】寒霜之刃【费那奇动画周×updream-AI动画征集】【up动画】,1673345,赤鸢与白狐,小剧场,https://www.bilibili.com/video/BV1tue36vEZy
【逆战未来】S4赛季首发！赛季初4套T0枪械搭配，刷图打BOSS全通吃,136219,糕手洛筱遥,日常,https://www.bilibili.com/video/BV15Xhk6dEx2
⚡️琵琶曲，但是萝莉版⚡️,1171330,小智乃敲可爱,小剧场,https://www.bilibili.com/video/BV1c9eU6cEh2
117vs老牧师,367014,可爱的团长l,网络游戏,https://www.bilibili.com/video/BV1woez6TEHq
音律为媒，与2233共赴千里江山【中行x2233联名主题曲】🎶,61074,中国银行APP,同人·手书,https://www.bilibili.com/video/BV1P5hC6rEzk
那局长弓 我欠红狼同志一次敬礼...,813467,QG吃饱辣,电子竞技,https://www.bilibili.com/video/BV1PXeD6zEbw
假如给优菈10分钟,141530,你好谢谢青椒肉丝丝丝,仿妆cos,https://www.bilibili.com/video/BV1N1hE6VEHg
“墨西哥湾”变“美国湾”，世界地名到底谁说了算？,415538,赛雷三分钟,科学科普,https://www.bilibili.com/video/BV1TYeY6bEjE
今天做一个超级无敌大猫砂盆,188123,猫子柒来了,喵星人,https://www.bilibili.com/video/BV1Txhk65ERy
「北国特快计划」原神同人特别节目【HoYoFair x bilibilionly】,252184,提瓦特同人协会,手机游戏,https://www.bilibili.com/video/BV1b9ei6rE65
《虱子大开口》,3400650,伤心欲茄222,搞笑,https://www.bilibili.com/video/BV12Yeg6FE9q
把iPhone 18 Pro当相机用了几天，我发现它真正变的不是画质！,560233,小鹿Lawrence,数码,https://www.bilibili.com/video/BV1RHec62EzN
如果把“新怪谈”做成一款鸣潮游戏——,232802,雾町Mist,MAD·AMV,https://www.bilibili.com/video/BV1UJeB6kEzn
想要和你低空飞行,368524,庄繁星vxh,国风舞蹈,https://www.bilibili.com/video/BV1QXe46HEiv
琵琶曲丨悟空 VS 如来,3863425,王与也行,鬼畜剧场,https://www.bilibili.com/video/BV14Xe36KERF
载具⚡机场⚡新故事⚡****！新S0的体验服爆料,1287906,游戏策划117,手机游戏,https://www.bilibili.com/video/BV1xPeU6eESW
一起听歌10000小时后，我们要结婚啦！,224900,布陆,乐评盘点,https://www.bilibili.com/video/BV1nuev6XETz
黄崖洞保卫战沙盘版（中）中日军队山地攻防战 抗日战争经典战役 日军奇袭登上桃花寨高地   八路军保厂变灭敌,69531,沙盘上的战争,人文历史,https://www.bilibili.com/video/BV1j1h76sEAR
“挥笔生花问桀骜 也敢与日月争高”,1727434,我爱吃派大星,音乐综合,https://www.bilibili.com/video/BV1WgeN66EAe
"大极限者:不愧是灰骑士,我真是没招了...",555515,gamebear一坨矿,亲子,https://www.bilibili.com/video/BV1kLez6NEUX
「小白」OPPO Find X10 Pro Max 真实影像再度升级！,126956,小白测评,数码,https://www.bilibili.com/video/BV1Kbhk6GEtR
这啥游戏？这么好玩？,453089,国电武术馆馆长,网络游戏,https://www.bilibili.com/video/BV1weeb6GExH
有的人出生就在中国,513800,埃及南希,出行,https://www.bilibili.com/video/BV1pXeq6wECG
中国对环保是认真的吗？英国博主深入亚洲最高大坝，找到了答案【探照灯计划】,245746,司徒建国秀,出行,https://www.bilibili.com/video/BV1FNeg6JEUq
【CS2】看我来一波成都绕后 #073,99568,菊咕咕,电子竞技,https://www.bilibili.com/video/BV1S5hB6KE9q
【原神】「1314」哥伦比娅×桑多涅 印象曲MV 琶舞×明透【HoYoFair × bilibilionly】,282452,提瓦特同人协会,手机游戏,https://www.bilibili.com/video/BV18eeq65E1X
许晴的问题，在于她真相信“魅魔可以通赢”。,242079,薛薛的茶话时光,日常,https://www.bilibili.com/video/BV1BreB6tEPr
各省的刻板印象这一块,10409393,不凉少年派,搞笑,https://www.bilibili.com/video/BV1PneF6bELe
当你的椅子被占了（不同人反应）,2350268,大牙中国红脖Bigtooth,翻唱,https://www.bilibili.com/video/BV1m7ew6MEgi
顶级傻白甜男主？！二十年后，时代终于追上了《樱兰》,123392,42手册,影视杂谈,https://www.bilibili.com/video/BV11teB6TEiJ
BEOMGYU的细胞小将 | [TO DO X TXT] EP.172,148295,TXT_OFFICIAL,明星综合,https://www.bilibili.com/video/BV1WHhi6XEqc
《兰香如故》：落魄大小姐，大厂打工记！！！,1321932,low君热剧,影视杂谈,https://www.bilibili.com/video/BV1huem63Eqo
这个广东“最低调”的海边美食之城，究竟能有多会吃？,803308,盗月社食遇记,美食侦探,https://www.bilibili.com/video/BV1Lxeq6SEAN
【俗说宇宙】“老大哥”木星竟是残暴的“法外狂徒”？,80762,Linvo说宇宙,科学科普,https://www.bilibili.com/video/BV1rqhJ6qEvj
今天做抹茶,321683,猫子柒来了,喵星人,https://www.bilibili.com/video/BV1bThe6sEJn
普通人靠近科技的最短途径：去公司门口摆摊,352368,小饭中年事件簿,财经商业,https://www.bilibili.com/video/BV1w9ez6uESo
从“首尔病”到“赴华热”，中韩年轻人的双向奔赴 | 跨文化特辑·四海不见外【视频播客】,280257,大左,明星综合,https://www.bilibili.com/video/BV1MaeG6zEjT
《原神》钟离角色短片-「秩序的代价」【HoYoFair x bilibilionly】,186498,Subutai制,MMD·3D,https://www.bilibili.com/video/BV1kJea6EE4C
秘密研发4年多！理想造出了自己的原生内燃机？,104910,保镖的车库,新能源车,https://www.bilibili.com/video/BV1PUhE63EKA
全随机上段#39（上超影）,236518,赵小天咯,手机游戏,https://www.bilibili.com/video/BV13Rhh6REdV
黑暗M78 第40集【AI全民制作人】,129660,香菜左转不送,影视剪辑,https://www.bilibili.com/video/BV1FJhC6ME1Q
AI 不会怀旧 却什么都忘不掉 - Pattern Recognition【Neuro原创曲/MV】,59573,Vedal和Neuro-sama,综合,https://www.bilibili.com/video/BV1johq6mE3Z
《你爸带你忆苦思甜》,4499650,嘞是唐孃孃,搞笑,https://www.bilibili.com/video/BV1Y4ec6VEFc
今天去蛋糕店拜师学艺,268348,真萝卜乔乔,日常,https://www.bilibili.com/video/BV1Rqhi6rEfz
【国际服公测纪念】Abracadabra MV预告解禁！,222080,OurNotesOfficial,综合,https://www.bilibili.com/video/BV1Xiha6dEKR
【速凌AI】唤生蝶第一章：当修脚的黑狼遇上认大哥的小蝶蝶.....,534665,高司令-速凌电竞,单机游戏,https://www.bilibili.com/video/BV1GMew6LEa2
火影配音挑战大赛,195806,真红莉爱Official,配音,https://www.bilibili.com/video/BV1Hkhv6JETx
“由 你 来 防 住 维 斯 塔 潘 ”,356616,尽墨for车,运动综合,https://www.bilibili.com/video/BV1Paeb6CEBE
陈翔六点半：以声为证，此心有家,1275734,陈翔六点半,小剧场,https://www.bilibili.com/video/BV1e2ei6jEn1
"lolita圈惊现百万撤离,带lo娘女团千里追凶！",919866,川烈,日常,https://www.bilibili.com/video/BV1jtet6tE3T
当我遇到父母带孩子买东西,2570905,皮儿威-,搞笑,https://www.bilibili.com/video/BV1DAe86HEcB
贝森特:他的脾气很大! 李成钢任中国国际贸易谈判代表！沈逸 三妹,364850,新西兰三妹Summer,社科·法律·心理,https://www.bilibili.com/video/BV1Z3hq6EE6h
传奇历史人物志——海明威（下）,530862,抽象历史人物志,人文历史,https://www.bilibili.com/video/BV1Rseq6nE18
又在千星城要到饭了【星铁整活】,289501,饭饭饭干机器,同人·手书,https://www.bilibili.com/video/BV1tGhi6fEnD
武大郎的绰号“三寸丁谷树皮”是什么意思？丁还是钉？谷树还是穀树？它为什么这么长？【神仙细节77】,128883,戴宗如何,人文历史,https://www.bilibili.com/video/BV1NNet6VEXU
当双方都以为对面是同行时,751648,黄东耶,人文历史,https://www.bilibili.com/video/BV11Gen6sE2R
第60期 古代人平时下馆子都吃什么❓❓,680443,每天一点历史学,人文历史,https://www.bilibili.com/video/BV1wqeb6gERZ
【变奏群像篇】第一期 原来你是这样的小熊头！,1951372,刺妮酱,同人·手书,https://www.bilibili.com/video/BV1W8eS6vET5
乌鲁木齐35元抓饭，肉能这么给…,577805,野文不懂吃,美食记录,https://www.bilibili.com/video/BV1Zmeh6gEUk
当年朋友圈封面梦寐以求的车，现在开它跑遍整座城！,115717,蔡蔡子同学,汽车生活,https://www.bilibili.com/video/BV1yahH6UE88
🐧赛伊德：“拯救一只企鹅？”🐧,768420,徐Toso,影视剪辑,https://www.bilibili.com/video/BV1Weeb6GEQV
【極人日常 vol.52】“世界赛，我们来了”,442862,iG电子竞技俱乐部,电子竞技,https://www.bilibili.com/video/BV1nDhq6QErU
屏幕开倒车？最会抽奖的一集！iPhone 18 Pro Max 屏幕测试报告,109965,野生的装机宅,数码,https://www.bilibili.com/video/BV1nFhk6wEcb
带直男朋友体验成都男娘coffee,799863,野生鱼白,搞笑,https://www.bilibili.com/video/BV17Ce46tECo
【短的发布会】别叫小布了，以后叫布总！ColorOS 17 到底有多主动？,791252,短的发布会,数码,https://www.bilibili.com/video/BV1i2eQ6aEUt
终于醒了，准备回归,380477,小号乱吹,绘画,https://www.bilibili.com/video/BV1V4ev63En7
《BLACKSOULS》嗨嗨！我来Bilibili啦！喂，快点出发去冒险吧！,559982,寿司勇者特罗,综合,https://www.bilibili.com/video/BV1YAe16qEC7
只有486没有死亡回归的异世界生活【宅邸篇·下】【bilibilionly同人扶持计划】,339905,生锈的包子,综合,https://www.bilibili.com/video/BV1ehet6sELP
爆肝816小时！新赛季雷霆打野思路来了,23089,冰水冰qwq,手机游戏,https://www.bilibili.com/video/BV1WXhn6jE34
一条大鲅鱼让我们办公室开启吃鱼狂欢,279664,明天谁做东,美食记录,https://www.bilibili.com/video/BV17bhe6gEBh
【Mujica小动画】谁家超市？【bilibilionly同人扶持计划】,16850,三天黑暗,同人·手书,https://www.bilibili.com/video/BV1Mjh66kE1p
【Kurt】新手教程 | 用Blender和Tripo制作一汪荷塘,28715,KurTips,野生技能协会,https://www.bilibili.com/video/BV1W6hv6DEbU
“什么祸国殃民，这分明是祥瑞！”,154969,哈基漂不想睡大街,综合,https://www.bilibili.com/video/BV1jwh769EhA
上班打游戏被老板抓了！,350632,炎辰大鸽子,搞笑,https://www.bilibili.com/video/BV1vyei6mECD
悦·无垢之誓 | 战双联动限定角色概念短片,846367,逆战未来,网络游戏,https://www.bilibili.com/video/BV1Vteq6EEK8
《草东没有琵琶曲》,42966,鬼畜厂厂长,鬼畜调教,https://www.bilibili.com/video/BV1cYh76YEBf
这是要坐电梯上天啊？！,92395,Yui柯基大聪明,搞笑,https://www.bilibili.com/video/BV1yxh76TEn5
检测到两个三倒自动播放雨爱,72133,只是路过的艾沃尔,单机游戏,https://www.bilibili.com/video/BV1fvhB6DEkk
实景英语 | 地铁站里的日常表达,2328764,了不起的Marianne,校园学习,https://www.bilibili.com/video/BV1rPeG6ZEZP
全网首发《GTA VI：分量十足的一瞥》完整中文配音 4K,635994,华盛顿的乔治,单机游戏,https://www.bilibili.com/video/BV1meeG6TEzT
中秋国庆是一家,2685514,李大夯-,翻唱,https://www.bilibili.com/video/BV1SJe66nEZ7
三角洲行动 MK4强度超模，进入S+天王！职业选手认证！全网最权威S11赛季武器强度排行榜！,561115,Always聪聪,网络游戏,https://www.bilibili.com/video/BV1rdh86NE5J
用狗尾巴草制作一个“兔耳”形状的戒指,399103,一普通正常人,亲子,https://www.bilibili.com/video/BV1Mee26KEHS
给冰神准备的欢迎仪式,113208,神游的莲蛙,MMD·3D,https://www.bilibili.com/video/BV1BWhC6eEzm
19岁师姐与10岁师弟进行醒狮梅花桩特技训练，身姿灵动、配合默契。为姐弟俩点赞！,191524,人民日报,日常,https://www.bilibili.com/video/BV1EWhe6CE96
一场魔术 ，一个消失的太阳,1628530,科普奇妙说up,科学科普,https://www.bilibili.com/video/BV1rkeQ6NEFw
原来莫文蔚最好的9首情歌，都藏在滚石唱片。好痛！特别痛！丨HOPICO,869381,HOPICO,乐评盘点,https://www.bilibili.com/video/BV1WHe16sEor
【四姐妹】用3分钟记录我们这场特别的夏天！,120101,须賀圭介,GMV,https://www.bilibili.com/video/BV1zZYM63Ef8
当bro面试说真话,2977105,cheems小电影,搞笑,https://www.bilibili.com/video/BV1czeQ6ME5N
新僵尸：默认图,378892,F_Cing,单机游戏,https://www.bilibili.com/video/BV1gEeb6WEA6
养的起,851971,江立远,亲子,https://www.bilibili.com/video/BV1r8em6oEKF
我追女生，24小时待命，接送，陪聊，送食，看病，但到最后依然一无所有【探照灯计划】,432412,摩的司机徐师傅,出行,https://www.bilibili.com/video/BV1Bqt96RE1Y
满屏黑幕演都不演了？一口气锐评《披哥6》三公所有舞台！,120727,三代鹿人,影视杂谈,https://www.bilibili.com/video/BV1Avhk6MEPw
马基本上就是巨大的幼儿,199663,大鬍子牛仔,动物综合,https://www.bilibili.com/video/BV16Nhv6yEde
世界美景探索｜打开书本里冰岛的“冰与火之歌”，愿此刻治愈你,26207,何香蓓Betty,出行,https://www.bilibili.com/video/BV137hJ6HE8K
我让选择变得正确 | 无畏契约上海全球冠军赛 VCT CN 出征片,564172,无畏契约电竞,电子竞技,https://www.bilibili.com/video/BV1cWhe6CEzd
“本以为赛罗是来客串的，没想到是来炸鱼的！”,390431,晴天Ultraman,特摄,https://www.bilibili.com/video/BV1Paeb6CEfg
这才是赛螃蟹！,308546,记录生活的蛋黄派,美食测评,https://www.bilibili.com/video/BV1qGhq6mE12
最近破产严重,402226,布布周-三角洲行动,网络游戏,https://www.bilibili.com/video/BV1Rzhi6gEP3
他的秘密,918693,大瑶同学remix,搞笑,https://www.bilibili.com/video/BV1qFe46oECx
【异形】创造人类又毁灭人类，工程师的目的到底是什么？,268128,晓涵哥来了,科学科普,https://www.bilibili.com/video/BV1Lnev6LE8x
新三国up锐评楚汉传奇19：腿上的毛～～～都磨光啦！,460267,吃蛋挞的折棒,影视剪辑,https://www.bilibili.com/video/BV1jxez6tEV9
早知道我就等下一趟了！,115594,西红柿导演,影视剪辑,https://www.bilibili.com/video/BV1geeq65EVX
【奥术之贼01】法师vs重甲，原创西幻cg影片,3594455,HandsMini1,单机游戏,https://www.bilibili.com/video/BV1jve36mECs
第36集|外卖小哥穿越修仙世界，徒手斗恶龙,786962,绯红天尊,影视剪辑,https://www.bilibili.com/video/BV1ELeq64E2t
纯逆天！印度人痴迷巨蜥生殖器做文玩，致珍贵金色巨蜥濒临灭绝,232423,爬行天下,动物综合,https://www.bilibili.com/video/BV1kXeq6wEMy
旅行者在星布谷地,123203,白银新手,单机游戏,https://www.bilibili.com/video/BV1DRh767Eb2
扫地机是不是智商税？100 个家庭 21 天实测给你答案,97701,先看评测,家居房产,https://www.bilibili.com/video/BV1yghC6VECK
【边狱巴士】带你看完第十章(上)A结局！象征模拟 黑执金钉 红染摇篮,21340,镀银骑士,单机游戏,https://www.bilibili.com/video/BV1CehH67E4d
温柔地带有一丝真实哭腔的Teto唱《死别》,29168,提不起劲の云烟そら,GMV,https://www.bilibili.com/video/BV1YjhY6bEWr
“跟我吃了饭 就要嫁给我了哦”,276518,杰哥相亲,日常,https://www.bilibili.com/video/BV1Zvei69EkQ
donk：闪身步不躲子弹你练什么？！,373026,西四弗斯-C4phus,鬼畜调教,https://www.bilibili.com/video/BV1QqeD6UEQA
【Mujica小动画】乐队少女的晴日【bilibilionly同人扶持计划】,28779,兔几P,同人·手书,https://www.bilibili.com/video/BV1UchC6JEdX
每次教育西米露的时候西卡都来管事,110847,西卡观察员,汪星人,https://www.bilibili.com/video/BV1twhE6kEEW
【崩坏星穹铁道】超越风堇？真珠值不值得抽？配队 光锥 遗器 配速 材料 专武 忘却之庭4.6技能 数据 抽取建议 真珠保姆级攻略！,101935,梦轩dada,手机游戏,https://www.bilibili.com/video/BV1Jkhk6YECr
《天雨武临》11集,65022,天语漫,影视剪辑,https://www.bilibili.com/video/BV1kYhk6zE2H
原班人马回归爆笑全场，口碑两级分化却狂赚1亿美刀，2026恶搞恐怖喜剧《惊声尖笑6》,189215,电影迷小雅,影视杂谈,https://www.bilibili.com/video/BV1XShB6GESX
【手书/哈基米音乐】空壳哈气-Dummy Hachimi,58479,慎啸,同人·手书,https://www.bilibili.com/video/BV1jQhv6VEmu
谁才是游戏全能神？NVIDIA DLSS 到底有多香！,114503,Cheems电玩屋,日常,https://www.bilibili.com/video/BV14Rhi6cEFw
老翁种下七颗葫芦 妖魔鬼怪便都寻了来 倒真应了那动画里的故事,803991,铁屋叙事,搞笑,https://www.bilibili.com/video/BV1LMeb6FELv
小小洒金画，拿捏！你们能不能上点强度？,333427,_张天琪,日常,https://www.bilibili.com/video/BV14fei6ME6t
《B 界 修 仙 传：执 剑 峰 主》,52204,进击的金厂长,搞笑,https://www.bilibili.com/video/BV1hQh76JEeY
痴心妄想。但是总有人和我一样，需要这么一个地方吧。,474083,天赐终焉天使,日常,https://www.bilibili.com/video/BV1vtet64EDj
考试倒数第一，打架天下无敌？打翻校园霸凌，全程热血高能！爆爽漫改韩剧《学习小组》上,1168015,小片片说大片,影视杂谈,https://www.bilibili.com/video/BV1idey6GE26
千年文明的埃及，为啥穷到吃土？1.2 亿人挤在 4%国土，靠两分钱大饼续命【世界产业地图】,284874,投研部杨摸鱼,财经商业,https://www.bilibili.com/video/BV1cXeq6wEqR
有多少夫妻可以长久,169238,HKG精选合集,新能源车,https://www.bilibili.com/video/BV1MMeX67Egm
这这谁把雪碧都倒我们村河里了,159421,山脚下的阿刁,三农,https://www.bilibili.com/video/BV188hq6KErw
完美燃烧弹焚决教学,224652,汤勺-鲁鲁技播,网络游戏,https://www.bilibili.com/video/BV13Nhi6eE9L
我们拍到了大翅鲸！,3881078,亿点点不一样,科学科普,https://www.bilibili.com/video/BV1BWet6FEWk
这样的小E也太迷人了吧o(╥﹏╥)o~,87113,次元假小子,搞笑,https://www.bilibili.com/video/BV1e3hk69Ewd
10分钟做6道菜？我们挑战世界大赛的硬核真题！,924015,绵羊料理,美食制作,https://www.bilibili.com/video/BV1HYeS6YEEZ
攻破WorkBuddy有奖品？！这我绝对要全拿！,548768,epcdiy,数码,https://www.bilibili.com/video/BV18ye86WEnE
这个小学生用烂梗骂人，惹怒7.8万人，满嘴烂梗的小学生，本质上就是油腻老登!,6954808,王小七Fire,社科·法律·心理,https://www.bilibili.com/video/BV1uaeA6mEDv
五个百万博主，能用今年夏决冠军阵容完成三连胜吗？,398359,清酒好可怜,手机游戏,https://www.bilibili.com/video/BV1X6hi6zEaD
我们的热爱远不止游戏,256465,Wise吴糖,网络游戏,https://www.bilibili.com/video/BV1pPe26dEim
琵琶曲 l 全能侠VS无敌少侠,662063,浪浪山小蛋仔,鬼畜剧场,https://www.bilibili.com/video/BV1poe86LE6v
《琵琶曲好想玩雷神》,239093,鬼畜厂厂长,鬼畜调教,https://www.bilibili.com/video/BV1one569EUv
本来想让超市倒闭！结果生意越来越好？一口气看完《很便宜千里马》,157155,中二病草蜢,影视杂谈,https://www.bilibili.com/video/BV1P7hi6xEef
"你脑子里自言自语的声音到底是谁的?1930年有人拿电极寻找,2011年有人用核磁共振捕捉，但...",219811,沐阳奇谈,人文历史,https://www.bilibili.com/video/BV1dUe66hEnC
少点科技味？所见即所得！OPPO Find X10 Pro Max 体验,59508,大狸子切切里,数码,https://www.bilibili.com/video/BV1MWhJ67Eba
【蓝色星原】核心系统“奇波”讲解 喜欢能战斗能生产还能飞的奇波吗？,182359,叫我棉被,手机游戏,https://www.bilibili.com/video/BV1hWeh6oEcX
国内唯一合法狩猎？探秘国内最稀有职业01【荒野屠夫篇】,1985264,东尼ookii,出行,https://www.bilibili.com/video/BV1sYe66kEUi
朋友们，我真的成功了！,396926,快乐的苏胖,美食侦探,https://www.bilibili.com/video/BV1Paeb6CEZZ
全球最富国家！房子80万一平方！生活什么样？吃什么？,2108413,HOLA小测佬,出行,https://www.bilibili.com/video/BV1ieeC6BERf
宿舍版小黄人申请出战,295448,小财主儿,搞笑,https://www.bilibili.com/video/BV1Xcee6uE8w
你这人怎么又邋遢又懒！,2057681,ENX叉叉酱,同人·手书,https://www.bilibili.com/video/BV1HFeg6XEDZ
从理发店出来变成次元假小子了,1130007,鸡哥咕咕der,日常,https://www.bilibili.com/video/BV14de36PEdb
被击碎的梦想,252956,老四的快乐生活,日常,https://www.bilibili.com/video/BV1GMhB6gEqa
「妄想感伤代偿联盟/Re0/MAD」“愚者的旋律 无止境的爱”【bilibilionly同人扶持计划】,78157,太阳-Knight,动漫杂谈,https://www.bilibili.com/video/BV1poe86LE5B
好久没见到这个了！,2210363,AmieinChina,搞笑,https://www.bilibili.com/video/BV1V8eU62Eoc
一句话让咕嘎为爸爸申请国补,587073,咕咕嘎画,搞笑,https://www.bilibili.com/video/BV14Eem6NEwZ
[女管日常]女管：这么喜欢萝莉连洛茜都不放过啊，⚡真想被电了是吧？⚡,22972,白_云旭,同人·手书,https://www.bilibili.com/video/BV1dNhJ6bE3h
翻越4300米海拔！318的第一大难关。,385738,王师傅の日记,日常,https://www.bilibili.com/video/BV1f4he66Exn
循环歌单|《上岸の小曲》《胡英俊の小曲》八千里路明月照DJ,1692401,XFinds寻宝,乐评盘点,https://www.bilibili.com/video/BV16zeK6zEnY
同行见了直摇头的乌灵参，看老表如何智取,349381,艮上谦农,三农,https://www.bilibili.com/video/BV1jWez6fERR
比赛正式开始，开始上岛,131654,小宋野钓,日常,https://www.bilibili.com/video/BV1S9hB6BEoo
【2026LPL第三赛段】9月19日 IG vs JDG,3241753,哔哩哔哩英雄联盟赛事,电子竞技,https://www.bilibili.com/video/BV1Hveb6rEaV
特厨探店｜广州到底把做饭研究的多明白？,1355884,特厨隋坡,美食侦探,https://www.bilibili.com/video/BV1JBeS6FEEH
快讯！艾莲与耀嘉音即将登陆星穹列车！,1787946,崩坏星穹铁道,手机游戏,https://www.bilibili.com/video/BV1Kreq6zEn6
【一周二次元新闻吐槽69】Re0新话演出抽象打戏！/南小鸟以老师身份回归？,394080,东云阳_Official,手机游戏,https://www.bilibili.com/video/BV17Eeq6sEoC
什么叫大肥鱼摸鱼唱Let me go就出MV了？大肥鱼更完整了！,419338,星落落_oi,翻唱,https://www.bilibili.com/video/BV1pueU6cEfg
游戏中植物风格的皮肤都是怎么来的？【无畏契约】,20676,M4Kay,电子竞技,https://www.bilibili.com/video/BV11Fhz6eEUT
花十万块买一台Mac，值吗？M5 Ultra Mac Studio评测,240668,笔吧评测室,数码,https://www.bilibili.com/video/BV1ruhq6SET8
Find X10 Pro Max上手体验：续航优秀的影像旗舰,1345362,极客湾Geekerwan,数码,https://www.bilibili.com/video/BV14ReF6NEWN
面部检查,261071,加伽白_本人,搞笑,https://www.bilibili.com/video/BV1Hshi6DE35
我趣！初音未来,82887,林芷伊kiwi,仿妆cos,https://www.bilibili.com/video/BV1T1hE6VEu2
好消息，精绝女王。但是战损,134504,走路摇ZLY,日常,https://www.bilibili.com/video/BV1mfh76yEFN
过气视频.mp4,76515,雪松,手机游戏,https://www.bilibili.com/video/BV16Yh76aEy7
快来看伸手挑战带妹版,881915,管不饿,搞笑,https://www.bilibili.com/video/BV1gEeb6pE2V
粤韵风华之驾校宝典12【肇事逃逸】,716525,希诺_Sinon,搞笑,https://www.bilibili.com/video/BV1Fbea6VEPB
我只是想煮一个鸡蛋，互联网却想教我做人❤️,3627433,papi酱,短片,https://www.bilibili.com/video/BV1vdeJ6KEkR
友：时长越长观看越少。  我：但这里是B站诶！,2834681,星野夏KELO,搞笑,https://www.bilibili.com/video/BV1doec6QEqF
每天科研半小时，幸福生活一辈子,244513,迂磨二公子,搞笑,https://www.bilibili.com/video/BV15Zhv6uEu4
重温1990年北京亚运会亚运村的美食,465867,央视网快看,日常,https://www.bilibili.com/video/BV1tseb6EErF
下雨天凑企鹅belike：《雨爱司凤版》,346745,一捆牛仔AllStar,同人·手书,https://www.bilibili.com/video/BV16Wea61Erz
乌鲁木齐逛吃，肉碳双飞的一天…,233210,野文不懂吃,美食记录,https://www.bilibili.com/video/BV1LAeB6sEfz
八 宝 粥 s11 现 状,888310,锤子game,搞笑,https://www.bilibili.com/video/BV1Cje86kEna
电棍：花骨朵,23924,_Karasu_,人力VOCALOID,https://www.bilibili.com/video/BV1cZhE6NEun
网恋美国女友奔现后续：拍结婚登记照！,104019,Luca和Kim,出行,https://www.bilibili.com/video/BV1RChB6LE84
一个设置让你的维克托激光带自瞄,425103,乐芙皇三盘-中单教学,电子竞技,https://www.bilibili.com/video/BV1TBeq6rE8d
你的痛苦没那么廉价,61851,疯狂的西蒙斯,社科·法律·心理,https://www.bilibili.com/video/BV1jDhY6KEAC
【小沈阳/张睿/艾热/王以太/曾辉】三公舞台《茶花开了，该回家了》,296706,小沈阳,明星综合,https://www.bilibili.com/video/BV1kGez6TEkB
“问薪无愧” “问薪无愧”一分钱一分货!!!,581003,蓝砚播报员,亲子,https://www.bilibili.com/video/BV1xHem6AEVp
中国模特勇闯欧洲时装周|面试实录第三集,717265,李东恒z,时尚潮流,https://www.bilibili.com/video/BV1vtet64ESw
桌面上的弹珠连锁反应。,506204,科普宇宙1,科学科普,https://www.bilibili.com/video/BV1G6eu6iEJp
美国国内现在生活成本有多高？对话柠檬哥哈桑派克友人埃里克【瓜熟迪落拉XEric Hovagim-01】,75632,瓜熟迪落拉,社科·法律·心理,https://www.bilibili.com/video/BV1mnh766ET3
吕布出手给新英雄吓的举起手来！迎接吕布和老六的混合双打吧？！,1068377,小峰布偶猫执行官,喵星人,https://www.bilibili.com/video/BV1qeeF6UEWY
千是千万是万,871947,老子名字深蓝,手机游戏,https://www.bilibili.com/video/BV1Paeb6CE3u
全球首发！《狂热运输3》抢先玩，变化远超想象！,154600,百里浪丶,单机游戏,https://www.bilibili.com/video/BV1qvei69EdK
互相求婚？美国女孩和我为什么要这样做,1156101,Luca和Kim,出行,https://www.bilibili.com/video/BV1Nqeg6tEBo
🤑跟资本对赌💲人有两颗心 一颗贪心 一颗不甘心！《一掷千金》,322842,沫子瞪片,影视杂谈,https://www.bilibili.com/video/BV1JGhq6UEtW
5年前，我们因为它绝交了。5年后，重新来过！,1318373,宝剑嫂,出行,https://www.bilibili.com/video/BV1Y3eS6mEcC
为什么你不适合跟新疆女生谈恋爱? 新疆人全国条件最好!!,330456,托哥Torres,出行,https://www.bilibili.com/video/BV1xXeu6tEeF
"""父亲，为什么中洲这么多强力剑修忌惮我们家族剑修""，""傻孩子，自然是我们家族的功法杀力让杀力极强的剑修都害怕！""",317208,旻-旻-旻,综合,https://www.bilibili.com/video/BV1moei6zEX3
将就吃 半岛盒饭,297776,快乐烧烤屋屋长,美食记录,https://www.bilibili.com/video/BV17Hez6cEXS
总有一个宇宙是这样的,2159712,iZZe-To,影视剪辑,https://www.bilibili.com/video/BV1XpeG6yErx
变个魔术,943862,小多莉ovo,日常,https://www.bilibili.com/video/BV1mkeU6qEFv
全网爆火的三把人体工程椅？是噱头吗？！,55934,巴特tt,数码,https://www.bilibili.com/video/BV1fdhj6oE8m
COER 看看我吧,145289,CORTIS_BIGHIT,MV,https://www.bilibili.com/video/BV1Rihe6eEBy
史上最贵烤冷面 128一份,1371433,转生成为毛毛,美食侦探,https://www.bilibili.com/video/BV1RFe16zEvo
❤️ 谁 家 的 初 音 未 来 ？！❤️【bilibilionly同人扶持计划】,776758,学姐圆,MAD·AMV,https://www.bilibili.com/video/BV1GXeS6SEwv
天下无双！,2195550,无我漂佩MY,手机游戏,https://www.bilibili.com/video/BV1tJeS6GEdi
骑行阿勒泰来到边境小城青河县，换新帐篷保养自行车，在城里休息一天,182823,徐云流浪中国,出行,https://www.bilibili.com/video/BV1HbhB6dEbc
？领冰箱之前怎么还有战斗环节,80594,W47-可爱者甚凡,网络游戏,https://www.bilibili.com/video/BV1Txhk65EnB
【原神】我找到了薇斯纳角色预告中出场的7位冬契军！ta们都是有名有姓的提瓦特人！,166114,酒妖流916,手机游戏,https://www.bilibili.com/video/BV1BLhq61EAM
「小白」ColorOS 17&OPPO Find X10全面解析：焕新设计 细节加倍,702660,小白测评,数码,https://www.bilibili.com/video/BV1dFew6SEk4
选哪个？iPhone 18 Pro&Duo深度上手,11389405,影视飓风,数码,https://www.bilibili.com/video/BV1cSec6tEux
我创造了什么样的怪物......遥控奶车的制作过程,1576430,墨肠Dmc,特摄,https://www.bilibili.com/video/BV1BUeM63Ewh
这谁看完不难受啊！最痛苦的一集？连观众都能感同身受？动画与小说内容详细对比！【无职转生 第三季13】,245641,厂公,动漫杂谈,https://www.bilibili.com/video/BV1P5he6SEvN
人物速写欧洲服饰画法,40255,闻名AND美术课,绘画,https://www.bilibili.com/video/BV1wnhi6WEDE
奶奶今年已经七十四岁了🗿,88251,奶油-cream-,综合,https://www.bilibili.com/video/BV1HghE6TE1i
运气大比拼,682185,瓜哥超爱玩QAQ,搞笑,https://www.bilibili.com/video/BV18Yev6TECg
师徒二人带着粉丝寄来的12个盲盒去挑战海岛求生，本以为会过上度假生活，没想到开局就直接让人傻眼,158775,黄天麒l,出行,https://www.bilibili.com/video/BV1wKhq6XEXW
【FGO官方】Flashback Lostbelt No.7 -纳维·米克特兰-【Re:View Lostbelt】,56377,命运-冠位指定,手机游戏,https://www.bilibili.com/video/BV1i1hJ6wE2a
今天吃狼牙土豆,1890292,猫子柒来了,喵星人,https://www.bilibili.com/video/BV1CzeM67EMs
小羊小牛不会上厕所，我爸手把手帮它们排泄,343689,龙腾虎跃龙兽医,三农,https://www.bilibili.com/video/BV1oceB6RE5V
立志成为恶兽第四集【up动画】【AI全民制作人】,2718221,立志成为恶兽,小剧场,https://www.bilibili.com/video/BV1wAeH6nEtB
印度杀猪盘盯上欧洲，爱沙尼亚被坑7000万？,959707,麻薯波比呀,社科·法律·心理,https://www.bilibili.com/video/BV1Sseg6vEkL
升级到iOS27之后，一定要进行的设置！ | 大耳朵TV,132723,大耳朵TV,数码,https://www.bilibili.com/video/BV1JXhq6nEJh
新番时光机！十年前的观众都在看什么？「2016年7月篇」泛式,1127031,泛式,动漫杂谈,https://www.bilibili.com/video/BV1FEet6eETy
WE GO-6 위고식스 '괴물(Monster)' MV,41056,wegosix,MV,https://www.bilibili.com/video/BV1zkhJ6PEVJ
美食特种兵之白俄罗斯！这里是土豆王国么？,730751,神奇海挪,出行,https://www.bilibili.com/video/BV1Eueh6TEFX
这AI眼镜直接砸了几个行业的饭碗！,77096,RGB工具人,数码,https://www.bilibili.com/video/BV1eseq6nEsn
豹大厨的美好生活,416090,豹大厨,喵星人,https://www.bilibili.com/video/BV1uxeh6xEZS
边狱十三罪人前后印象!!!!!,210193,恶意第欢人,手机游戏,https://www.bilibili.com/video/BV1hoeB67EQP
100万粉丝了，今天花190块狠狠剋一顿,1219538,小岳来了24,美食记录,https://www.bilibili.com/video/BV1Dbe26BExy
扭曲绷带怪！裹尸袋堆满！《寂静岭TOWNFALL》最新作超快剧情解说！！！【一】,62846,五四IAM,单机游戏,https://www.bilibili.com/video/BV1BChJ6YEqH
军训您赢了。,174783,雅迪电动车官方,日常,https://www.bilibili.com/video/BV1fge26DEzB
oi，你们几个中登刚才玩得很开心嘛？,599235,灼眼的SABER哒,同人·手书,https://www.bilibili.com/video/BV1RAei61Ewx
李梅带头出击！正义的战斗机如何燃烧邪恶轴心国首都的每一寸土地？,158061,酒痴东梦,人文历史,https://www.bilibili.com/video/BV1pMeq6wEHS
9月22日，绝密重庆全线开启，我们同你玩！,688356,三角洲行动,GMV,https://www.bilibili.com/video/BV1hoeB67En2
枕边人连杀三子，97%民众竟支持希特勒照料孩子,574032,波士顿圆脸,社科·法律·心理,https://www.bilibili.com/video/BV1coez6TEWD
"小粉球Lovity成为我的保镖!只要上床睡觉,第二天会获得新 的球球保镖！如何生存？",755395,课本君Gent,单机游戏,https://www.bilibili.com/video/BV1wXeq6wESs
今天提新车了，骨折半年终于能出去游玩了，以后打算自己做饭和父母分开吃了,436310,床哥乡村美食记,日常,https://www.bilibili.com/video/BV1inev6LEc8
就当作没发生过一样【AI全民制作人】,836954,泽央zeyang,科工机械,https://www.bilibili.com/video/BV1Nteb6jEnf
出大问题！房车抛锚！差点渴死在沙漠里！,1731041,徐大虾咯,单机游戏,https://www.bilibili.com/video/BV1Sve26eENf
【神人回战01】,355216,文静若叶睦,配音,https://www.bilibili.com/video/BV1kQeU6hEVZ
真人实拍，得了老年痴呆，大脑会发生什么？还有救吗？,231764,透近医学,科学科普,https://www.bilibili.com/video/BV1ELeq64EXL
人人心怀鬼胎！月氏国连环凶杀案，究竟谁是真凶？万字精讲《神断狄仁杰》P18,62278,我是十四哦丶,影视杂谈,https://www.bilibili.com/video/BV1Krhj6MEFS
女友长得很像五条悟是种什么体验？那双眼睛，毋庸置疑！,321105,凉拌了紫苏,综合,https://www.bilibili.com/video/BV1Yoeb64EDM
《镜头之后#7》——老八,1930167,尼罗将军,搞笑,https://www.bilibili.com/video/BV1xKeU6AETz
全坦白！减肥十几年终于上岸了！,49440,达达达布溜-,日常,https://www.bilibili.com/video/BV1i5hv6BE2W
【该细还得细】FGO唠唠叨叨2026攻略《幕末武斗神话 唠唠叨叨新选组the end》一图流/90+/90++/高难,46447,削人棍专用BGM,手机游戏,https://www.bilibili.com/video/BV11Wh76BE9y
[TWS:CLUB] 不知道谁是凶手，只知道好害怕啊 | 恐怖体验 | EP.70,60093,TWS_PLEDIS,音乐综合,https://www.bilibili.com/video/BV1Q3hJ6sEQH
满爷永远塔分！专业防杜兰特！PJ塔克巅峰纯实力到底有多强？,191151,太吾车神,篮球,https://www.bilibili.com/video/BV1YNhB6GEBQ
早知道，还是原...相机,584454,六分超超,数码,https://www.bilibili.com/video/BV1kmeG6tEYb
美国人从未听说过的真实中国！（挑战连中国人都不敢吃的美食！）,167214,ThatEvanGuy,日常,https://www.bilibili.com/video/BV1Hshi6DEk8
【情景喜剧】《是 魏王》EP01-1：曹丕听到父王去世【AI全民制作人】,346921,星无,综合,https://www.bilibili.com/video/BV1VxeA6QE77
【官方投稿】ヘレディティ / 初音ミク・GUMI・IA・Flower・可不・重音テトSV,121887,サツキ_Official,VOCALOID·UTAU,https://www.bilibili.com/video/BV1TVbW6XEkv
豪门赘婿的万元周末：最好的办法就是拉她下水...,356853,是桃大,赛车,https://www.bilibili.com/video/BV1pnhi6WEq4
【中日歌词/n-buna×Vaundy】「Pops (Prod. n-buna from ヨルシカ)」Jeremy Quartus【无损音质】,21235,Aki惊蛰,音乐综合,https://www.bilibili.com/video/BV1t6hE62EPh
天津漫展手机事件,5386588,一颗小兔娘,仿妆cos,https://www.bilibili.com/video/BV1YaeN6xEWR
循环歌单|【Star Crossing Night】|“【校规の小曲】”,2169421,蛋某人音乐,乐评盘点,https://www.bilibili.com/video/BV1E2eQ6aE3k
他对你特别好，你却总觉得不舒服｜心理咨询师解剖格里菲斯的自恋人格【剑风心理分析01】,111931,青山心理,社科·法律·心理,https://www.bilibili.com/video/BV1raem6xE8y
刚上高三，女帝同桌带我修仙【超长电影版】,47562,圆桌动漫,同人·手书,https://www.bilibili.com/video/BV1iUhk6bEYH
天神古兹,53191,怎么转身又是,MMD·3D,https://www.bilibili.com/video/BV1N8hJ6VE4c
今天做千丝万缕虾进村卖。,391205,欧大发,三农,https://www.bilibili.com/video/BV1BNeb6wEWB
乐邦詹士的梦魇,122433,常务副山羊-爱詹tv,篮球,https://www.bilibili.com/video/BV13Phi6NE7N
地上足球：不敌马竞皇马无缘冠军！穆帅联手全队公开处刑姆巴佩！,273980,地上足球888,足球,https://www.bilibili.com/video/BV1Pfhi6tEfk
西方工价和特种设备,1207390,三毛看世界,科学科普,https://www.bilibili.com/video/BV1are36CEoQ
动漫史上四大最难绷名场面：饿狼滑草VS皓宸走路VS尤里碎步VS蓝染跑步,672341,那夜樱花树下,综合,https://www.bilibili.com/video/BV1PRer6jECk
特厨做饭|零差评零失误！专业厨师的压箱底,1506074,特厨隋坡,美食侦探,https://www.bilibili.com/video/BV1mheg6hE6j
探访中东火药桶伊拉克，这里真实情况到底怎么样，老百姓的生活又如何,746053,小钟Johnny,出行,https://www.bilibili.com/video/BV1hkeu6NEbs
琵琶曲 但是纯手绘版,319650,搞笑的柴哥,绘画,https://www.bilibili.com/video/BV16BeB68E4p
中央日报：日本可能确实是亚运会最烂东道主,1508359,波士顿圆脸,社科·法律·心理,https://www.bilibili.com/video/BV1Npem6YEZf
绝望神回！细节多到爆炸！【无职第三季】第13集原作小说和动画对比分析！2026年7月新番吐槽！,223411,耶凡hehe,动漫杂谈,https://www.bilibili.com/video/BV143he6QEbe
你们这样显得我好像有点多余啊,50892,靖菌命,单机游戏,https://www.bilibili.com/video/BV1xihq6wEkE
ASP多次暴力执法，阿sir会失去自由吗？,100686,争取最后的自由,汽车生活,https://www.bilibili.com/video/BV1uGhB6qEvy
鉴定一下网络热门哨位视频（1）,207391,Ys秀一丶,网络游戏,https://www.bilibili.com/video/BV1xLhi6oEXX
当共产主义抵达宇宙尽头，一位游戏玩家被迫踏上十万光年的征程丨灵感书,209834,几级风雨,人文历史,https://www.bilibili.com/video/BV1q8ea6rEEt
钟离，打钱！【HoYoFair × bilibilionly】,268072,哈米伦的弄笛者,GMV,https://www.bilibili.com/video/BV1qZe26UEXz
红警房主要海啸单挑！求高手赐教，进去领教一下！,228733,红警HBK08,单机游戏,https://www.bilibili.com/video/BV12seB6uEmS
手绘像素动画：劳务派遣忍者VS外包杀手！！【HoYoFair × bilibilionly】,116415,中天Mifirma,同人·手书,https://www.bilibili.com/video/BV13be26zEcA
“杰”克逊 世界巡演,390431,快乐阿依,鬼畜剧场,https://www.bilibili.com/video/BV1yuet6zENm
打赢的可以得到我哦~,261033,超正经的小李,搞笑,https://www.bilibili.com/video/BV1wueq6aEN9
正在匹配中,260778,来自星星的舞者bili,宅舞,https://www.bilibili.com/video/BV1xSet6GEJg
